sno,ps_id,ps_number,title,modal_title,org,department,category,theme,ideas,deadline,deadline_date,dataset_link,contact,youtube,scraped_at,description_chars
1,26001,SIH26001,AI-Based early warning and landslide Risk Monitoring System in NER,AI-Based early warning and landslide Risk Monitoring System in NER,Ministry of Development of North Eastern Region (MDoNER),Ministry of Development of North Eastern Region (MDoNER),Software,Disaster Management,0/500,20 September 2026,2026-09-20,,,,2026-08-28,2363
2,26002,SIH26002,Al-Based Smart Logistics and Accessibility Intelligence Platform for North Eastern Region (NER),Al-Based Smart Logistics and Accessibility Intelligence Platform for North Eastern Region (NER),Ministry of Development of North Eastern Region (MDoNER),Ministry of Development of North Eastern Region (MDoNER),Software,Transportation & Logistics,0/500,20 September 2026,2026-09-20,,,,2026-08-28,3547
3,26003,SIH26003,AI-Based Cognitive Gaming and Memory Assistance Platform for Elderly Dementia Patients in North Eastern Region (NER),AI-Based Cognitive Gaming and Memory Assistance Platform for Elderly Dementia Patients in North Eastern Region (NER),Ministry of Development of North Eastern Region (MDoNER),Ministry of Development of North Eastern Region (MDoNER),Software,MedTech / BioTech / HealthTech,0/500,20 September 2026,2026-09-20,,,,2026-08-28,2771
4,26004,SIH26004,Al-Assisted Early Detection System for Osteoarthritis (OA) Risk Markers in North Eastern Region (NER),Al-Assisted Early Detection System for Osteoarthritis (OA) Risk Markers in North Eastern Region (NER),Ministry of Development of North Eastern Region (MDoNER),Ministry of Development of North Eastern Region (MDoNER),Hardware,MedTech / BioTech / HealthTech,0/500,20 September 2026,2026-09-20,,,,2026-08-28,2865
5,26005,SIH26005,Solar-Powered Smart Mini Cold Storage System for Fresh Vegetables in North Eastern Region (NER),Solar-Powered Smart Mini Cold Storage System for Fresh Vegetables in North Eastern Region (NER),Ministry of Development of North Eastern Region (MDoNER),Ministry of Development of North Eastern Region (MDoNER),Hardware,"Agriculture, FoodTech & Rural Development",0/500,20 September 2026,2026-09-20,,,,2026-08-28,3825
6,26006,SIH26006,Development of an Intelligent Freight Forecasting Model for Optimized Vessel Chartering and Bulk Cargo Procurement from overseas to East Coast of India,Development of an Intelligent Freight Forecasting Model for Optimized Vessel Chartering and Bulk Cargo Procurement from overseas to East Coast of India,Ministry of Steel,SAIL,Software,Transportation & Logistics,0/500,20 September 2026,2026-09-20,,,,2026-08-28,5125
7,26007,SIH26007,Safe and Efficient Operation of Mine Vehicles in Fog and Low-Visibility Conditions in Open Cast Iron Ore Mines.,Safe and Efficient Operation of Mine Vehicles in Fog and Low-Visibility Conditions in Open Cast Iron Ore Mines.,Ministry of Steel,NMDC,Hardware,Smart Automation,0/500,20 September 2026,2026-09-20,,,,2026-08-28,3061
8,26008,SIH26008,Belt Joint Rupture and Conveyor Belt Damages in Iron Ore Mining Industry: Intelligent Monitoring and Prediction of Conveyor Belt Joint Rupture and Damages in Iron Ore Mining Industry.,Belt Joint Rupture and Conveyor Belt Damages in Iron Ore Mining Industry: Intelligent Monitoring and Prediction of Conveyor Belt Joint Rupture and Damages in Iron Ore Mining Industry.,Ministry of Steel,NMDC,Hardware,Smart Automation,0/500,20 September 2026,2026-09-20,,,,2026-08-28,3520
9,26009,SIH26009,Using AI/ML and Space Technology to Identify Manganese Reserves and Overcome Production Shortfalls.,Using AI/ML and Space Technology to Identify Manganese Reserves and Overcome Production Shortfalls.,Ministry of Steel,MOIL Ltd.,Software,Space Technology,0/500,20 September 2026,2026-09-20,,,,2026-08-28,1343
10,26010,SIH26010,Survey/Resurvey of Rural Agricultural Land in lndia,Survey/Resurvey of Rural Agricultural Land in lndia,Ministry of Rural Development,Dept of land resources (DoLR),Hardware,"Agriculture, FoodTech & Rural Development",0/500,20 September 2026,2026-09-20,,,,2026-08-28,1899
11,26011,SIH26011,3D ULPIN Generation and vertical Property Mapping SYstem,3D ULPIN Generation and vertical Property Mapping SYstem,Ministry of Rural Development,Dept of land resources (DoLR),Software,Smart Automation,0/500,20 September 2026,2026-09-20,,,,2026-08-28,1528
12,26012,SIH26012,AI-Based Automated Urban Parcel Mapping and Cadastral Feature Extraction System using Drone lmagery,AI-Based Automated Urban Parcel Mapping and Cadastral Feature Extraction System using Drone lmagery,Ministry of Rural Development,Dept of land resources (DoLR),Software,Smart Automation,0/500,20 September 2026,2026-09-20,,,,2026-08-28,2798
13,26013,SIH26013,Automated lntegration and lntelligent Harmonization of Multi-source Geospatial Data for urban Land Record Management.,Automated lntegration and lntelligent Harmonization of Multi-source Geospatial Data for urban Land Record Management.,Ministry of Rural Development,Dept of land resources (DoLR),Software,Smart Automation,0/500,20 September 2026,2026-09-20,,,,2026-08-28,2548
14,26014,SIH26014,An lntegrated GIS-based Digital Public lnfrastructure for Land Governance,An lntegrated GIS-based Digital Public lnfrastructure for Land Governance,Ministry of Rural Development,Dept of land resources (DoLR),Software,"Agriculture, FoodTech & Rural Development",0/500,20 September 2026,2026-09-20,,,,2026-08-28,6872
15,26015,SIH26015,Application of Geospatial Techniques for visualization and analysis to interpret Geo-Coded lmages to enhance watershed Development Outcomes.,Application of Geospatial Techniques for visualization and analysis to interpret Geo-Coded lmages to enhance watershed Development Outcomes.,Ministry of Rural Development,Dept of land resources (DoLR),Software,"Agriculture, FoodTech & Rural Development",0/500,20 September 2026,2026-09-20,,,,2026-08-28,6022
16,26016,SIH26016,Real-Time National Land Acquisition & Management System for End-to-End Digital Monitoring and Decision Support,Real-Time National Land Acquisition & Management System for End-to-End Digital Monitoring and Decision Support,Ministry of Rural Development,Dept of land resources (DoLR),Software,Smart Automation,0/500,20 September 2026,2026-09-20,,,,2026-08-28,3722
17,26017,SIH26017,Predictive Analytics System for Early Detection of Land Acquisition Delays,Predictive Analytics System for Early Detection of Land Acquisition Delays,Ministry of Rural Development,Dept of land resources (DoLR),Software,Smart Automation,0/500,20 September 2026,2026-09-20,,,,2026-08-28,4146
18,26018,SIH26018,Intelligent Land Record Digitization and Validation System,Intelligent Land Record Digitization and Validation System,Ministry of Rural Development,Dept of land resources (DoLR),Software,Smart Automation,0/500,20 September 2026,2026-09-20,,,,2026-08-28,4307
19,26019,SIH26019,"National Digital Platform for Research, Policy Innovation, and Evidence-Based Land Governance","National Digital Platform for Research, Policy Innovation, and Evidence-Based Land Governance",Ministry of Rural Development,Dept of land resources (DoLR),Software,Smart Automation,0/500,20 September 2026,2026-09-20,,,,2026-08-28,4157
20,26020,SIH26020,Design and Development of Innovative Hand-Spinning Equipment for Enhancing Khadi Artisan Productivity and Income,Design and Development of Innovative Hand-Spinning Equipment for Enhancing Khadi Artisan Productivity and Income,Ministry of MSME,Coordination Section,Hardware,"Agriculture, FoodTech & Rural Development",0/500,20 September 2026,2026-09-20,,,,2026-08-28,1530
21,26021,SIH26021,Honey Chain: A block chain-based system for honey traceability and smart beekeeping management.,Honey Chain: A block chain-based system for honey traceability and smart beekeeping management.,Ministry of MSME,Coordination Section,Software,"Agriculture, FoodTech & Rural Development",0/500,20 September 2026,2026-09-20,,,,2026-08-28,1203
22,26022,SIH26022,"Design and develop a smart, solar-powered drying and compact packaging system to support home-based agarbatti manufacturing by rural women artisans.","Design and develop a smart, solar-powered drying and compact packaging system to support home-based agarbatti manufacturing by rural women artisans.",Ministry of MSME,Coordination Section,Hardware,"Agriculture, FoodTech & Rural Development",0/500,20 September 2026,2026-09-20,,,,2026-08-28,1593
23,26023,SIH26023,"AI-Powered Geological, Mining and other Reporting Solution for CMPDI/CIL subsidiaries","AI-Powered Geological, Mining and other Reporting Solution for CMPDI/CIL subsidiaries",Ministry of Coal,Coal India Limited,Software,Smart Automation,0/500,20 September 2026,2026-09-20,,,,2026-08-28,2232
24,26024,SIH26024,AI-Based Smart Governance and Compliance Monitoring System for Coal Mines,AI-Based Smart Governance and Compliance Monitoring System for Coal Mines,Ministry of Coal,Coal India Limited,Software,Smart Automation,0/500,20 September 2026,2026-09-20,,,,2026-08-28,3889
25,26025,SIH26025,"Development of an AI-enabled Low Cost Real Time Mine Subsidence Monitoring, Prediction and Early Warning System for Underground Coal Mines in India","Development of an AI-enabled Low Cost Real Time Mine Subsidence Monitoring, Prediction and Early Warning System for Underground Coal Mines in India",Ministry of Coal,Coal India Limited,Hardware,Smart Automation,0/500,20 September 2026,2026-09-20,,,,2026-08-28,3493
26,26026,SIH26026,Development of Mobile (Quadruped)/Handheld Device/System for Real-Time Detection of Narcotics and Explosives across Indian Railways.,Development of Mobile (Quadruped)/Handheld Device/System for Real-Time Detection of Narcotics and Explosives across Indian Railways.,Ministry of Railways,Ministry of Railways,Hardware,Blockchain & Cybersecurity,0/500,20 September 2026,2026-09-20,,,,2026-08-28,4745
27,26027,SIH26027,Al-Powered Automatic Block Planning to Maximize Asset Availability for Train Operations on Indian Railways,Al-Powered Automatic Block Planning to Maximize Asset Availability for Train Operations on Indian Railways,Ministry of Railways,Ministry of Railways,Software,Transportation & Logistics,0/500,20 September 2026,2026-09-20,,,,2026-08-28,2231
28,26028,SIH26028,Dynamic Forecast of Expected Time of Arrival (ETA) for Coaching Trains,Dynamic Forecast of Expected Time of Arrival (ETA) for Coaching Trains,Ministry of Railways,Ministry of Railways,Software,Smart Automation,0/500,20 September 2026,2026-09-20,,,,2026-08-28,3311
29,26029,SIH26029,Automated High-Current Short-Circuit Test System for IEC 60898-1:2015 MCB Compliance.,Automated High-Current Short-Circuit Test System for IEC 60898-1:2015 MCB Compliance.,"Ministry of Consumer Affairs, Food & Public Distribution",Department of Consumer Affairs (DoCA),Hardware,Smart Automation,0/500,20 September 2026,2026-09-20,,,,2026-08-28,1975
30,26030,SIH26030,Automated Cable Specimen Preparation System for IS 10810 and IS 7098 Compliance.,Automated Cable Specimen Preparation System for IS 10810 and IS 7098 Compliance.,"Ministry of Consumer Affairs, Food & Public Distribution",Department of Consumer Affairs (DoCA),Hardware,Smart Automation,0/500,20 September 2026,2026-09-20,,,,2026-08-28,2285
31,26031,SIH26031,"Quality assessment and grading of onions are often subjective and vary across procurement centers, resulting in disputes and inconsistencies.","Quality assessment and grading of onions are often subjective and vary across procurement centers, resulting in disputes and inconsistencies.","Ministry of Consumer Affairs, Food & Public Distribution",Department of Consumer Affairs (DoCA),Software,Smart Automation,0/500,20 September 2026,2026-09-20,,,,2026-08-28,311
32,26032,SIH26032,"Farmers often face long waiting times, lack of information regarding procurement schedules, and uncertainty about procurement status.","Farmers often face long waiting times, lack of information regarding procurement schedules, and uncertainty about procurement status.","Ministry of Consumer Affairs, Food & Public Distribution",Department of Consumer Affairs (DoCA),Software,Smart Automation,0/500,20 September 2026,2026-09-20,,,,2026-08-28,264
33,26033,SIH26033,Multiple intermediaries reduce farmers earnings and increase consumer prices.,Multiple intermediaries reduce farmers earnings and increase consumer prices.,"Ministry of Consumer Affairs, Food & Public Distribution",Department of Consumer Affairs (DoCA),Software,"Agriculture, FoodTech & Rural Development",0/500,20 September 2026,2026-09-20,,,,2026-08-28,313
34,26034,SIH26034,"Software System to check compliance of Packaged Commodities under Legal Metrology(Packaged Commodities) Rules, 2011 by scanning products, images and labels.","Software System to check compliance of Packaged Commodities under Legal Metrology(Packaged Commodities) Rules, 2011 by scanning products, images and labels.","Ministry of Consumer Affairs, Food & Public Distribution",Department of Consumer Affairs (DoCA),Software,Miscellaneous,0/500,20 September 2026,2026-09-20,"https://consumeraffairs.gov.in/pages/legal-metrology-act and the Legal Metrology (Packaged
commodities) Rules, 2011",,,2026-08-28,3347
35,26035,SIH26035,Development of a Software Program/Application for Generation of Test Reports for Non-Automatic Weighing Instruments (NAWI) as per OIML Recommendation R- 76,Development of a Software Program/Application for Generation of Test Reports for Non-Automatic Weighing Instruments (NAWI) as per OIML Recommendation R- 76,"Ministry of Consumer Affairs, Food & Public Distribution",Department of Consumer Affairs (DoCA),Software,Miscellaneous,0/500,20 September 2026,2026-09-20,"https://consumeraffairs.gov.in/pages/legal-metrology-act and the Legal Metrology (General)
Rules, 2011",,,2026-08-28,3486
36,26036,SIH26036,Development of an Online Verification System for Weighing and Measuring Instruments,Development of an Online Verification System for Weighing and Measuring Instruments,"Ministry of Consumer Affairs, Food & Public Distribution",Department of Consumer Affairs (DoCA),Software,Miscellaneous,0/500,20 September 2026,2026-09-20,"https://consumeraffairs.gov.in/pages/legal-metrology-act and the Legal Metrology (General) Rules,2011",,,2026-08-28,3604
37,26037,SIH26037,Adaptive Path Planning and Collision Avoidance for Autonomous Vehicles on Unstructured Indian Roads,Adaptive Path Planning and Collision Avoidance for Autonomous Vehicles on Unstructured Indian Roads,MathWorks,MathWorks,Software,Smart Vehicles,0/500,20 September 2026,2026-09-20,"Teams may use built-in sensor and scenario datasets available in MathWorks Automated Driving Toolbox, RoadRunner sample scenes, synthetic scenarios created by the team, and publicly available traffic datasets relevant to Indian
road conditions.
-Indian Driving Dataset (IDD): https://idd.insaan.iiit.ac.in/
-Mendeley traffic dataset:
https://data.mend",,,2026-08-28,3607
38,26038,SIH26038,Explainable AI for Diabetic Retinopathy Screening in Rural India,Explainable AI for Diabetic Retinopathy Screening in Rural India,MathWorks,MathWorks,Software,MedTech / BioTech / HealthTech,0/500,20 September 2026,2026-09-20,"APTOS 2019 Blindness Detection: https://www.kaggle.com/c/aptos2019-
blindness-detection
IDRiD (Indian Diabetic Retinopathy Image Dataset): https://ieeedataport.org/open-access/indian-diabetic-retinopathy-image-dataset-idrid
DRIVE (Vessel Extraction): https://drive.grand-challenge.org/
Messidor-2: https://www.adcis.net/en/third-party/messidor2/",,,2026-08-28,2725
39,26039,SIH26039,"Al-Powered Underground Mine Safety, Monitoring and Rescue System.","Al-Powered Underground Mine Safety, Monitoring and Rescue System.",Governmcnt of Jharkhand,Department of Higher & Technical Education,Hardware,Smart Automation,0/500,20 September 2026,2026-09-20,,,,2026-08-28,2068
40,26040,SIH26040,Smart Water Purification and Quality Monitoring System for Rural and Mining-Affected Areas.,Smart Water Purification and Quality Monitoring System for Rural and Mining-Affected Areas.,Governmcnt of Jharkhand,Department of Higher & Technical Education,Hardware,Clean & Green Technology,0/500,20 September 2026,2026-09-20,,,,2026-08-28,2224
41,26041,SIH26041,AR-Based Vocational Training Simulator for Industrial Safety in Jharkhand's Mining & Manufacturing Sector,AR-Based Vocational Training Simulator for Industrial Safety in Jharkhand's Mining & Manufacturing Sector,Governmcnt of Jharkhand,Department of Higher & Technical Education,Software,Smart Education,0/500,20 September 2026,2026-09-20,,,,2026-08-28,1812
42,26042,SIH26042,Al-Powered Vernacular Pedagogy and Real-Time Translation Tool for Mother Tongue-Based Primary Education,Al-Powered Vernacular Pedagogy and Real-Time Translation Tool for Mother Tongue-Based Primary Education,Governmcnt of Jharkhand,Department of Higher & Technical Education,Software,Smart Education,0/500,20 September 2026,2026-09-20,,,,2026-08-28,2215
43,26043,SIH26043,A digital platform to crowdsource societal challenges and facilitate collaborative problem solving through universities and industry partnerships,A digital platform to crowdsource societal challenges and facilitate collaborative problem solving through universities and industry partnerships,Governmcnt of Jharkhand,Department of Higher & Technical Education,Software,Smart Education,0/500,20 September 2026,2026-09-20,,,,2026-08-28,5192
44,26044,SIH26044,"Portal for Academia - Industry collaboration for Skill Mapping, Internships and Placement","Portal for Academia - Industry collaboration for Skill Mapping, Internships and Placement",Ministry of Ayush,All India Institute of Ayurveda,Software,Smart Automation,0/500,20 September 2026,2026-09-20,,,,2026-08-28,4498
45,26045,SIH26045,"IP-SAKTI Sahayak a multilingual, RAG-based (source-cited) AI assistant for Intellectual Property and regulatory guidance in Ayurveda, across national and international regimes.","IP-SAKTI Sahayak a multilingual, RAG-based (source-cited) AI assistant for Intellectual Property and regulatory guidance in Ayurveda, across national and international regimes.",Ministry of Ayush,All India Institute of Ayurveda,Software,MedTech / BioTech / HealthTech,0/500,20 September 2026,2026-09-20,"The corpus can be assembled from open, authoritative public sources; representative examples:
•Traditional Knowledge Digital Library (TKDL) - tkdl.res.in
•Statutes & rules - India Code, indiacode.nic.in
•IP India public databases (patents/InPASS, trade marks, designs, GI Registry) - ipindia.gov.in
•National Biodiversity Authority / ABS - nbaindia.or",,,2026-08-28,4954
46,26046,SIH26046,"AIIA Clinical Trials Dashboard - a real-time, cloud-based, GCP-compliant Clinical Trial Management System (CTMS) for Ayurveda research, with CDISC/FHIR-interoperable data, role-based KPIs, and integrated ethics, regulatory (CTRI / NDCT Rules 2019) and pharma covigilance tracking.","AIIA Clinical Trials Dashboard - a real-time, cloud-based, GCP-compliant Clinical Trial Management System (CTMS) for Ayurveda research, with CDISC/FHIR-interoperable data, role-based KPIs, and integrated ethics, regulatory (CTRI / NDCT Rules 2019) and pharma covigilance tracking.",Ministry of Ayush,All India Institute of Ayurveda,Software,MedTech / BioTech / HealthTech,0/500,20 September 2026,2026-09-20,"Clinical-trial data is sensitive personal data, so development should use synthetic / de-identified datasets; representative standards and public sources:
•Clinical Trials Registry – India (public trial records) - ctri.nic.in
•CDISC standards & controlled terminology (CDASH, SDTM, ADaM, Define-XML) - cdisc.org
•HL7 FHIR R4 specification & ABDM buildi",,,2026-08-28,4481
47,26047,SIH26047,Patient Case-Taking Software,Patient Case-Taking Software,Ministry of Ayush,All India Institute of Ayurveda,Software,MedTech / BioTech / HealthTech,0/500,20 September 2026,2026-09-20,,,,2026-08-28,11955
48,26048,SIH26048,"iKwath - a pod-based smart Kwatha (Kadha) maker that prepares a fresh, AFI/API-standardized decoction from coarse powder (yavaku?a c?r?a) on demand, in the shortest practical time without altering the decoctions quality or yield","iKwath - a pod-based smart Kwatha (Kadha) maker that prepares a fresh, AFI/API-standardized decoction from coarse powder (yavaku?a c?r?a) on demand, in the shortest practical time without altering the decoctions quality or yield",Ministry of Ayush,All India Institute of Ayurveda,Hardware,MedTech / BioTech / HealthTech,0/500,20 September 2026,2026-09-20,"Standards and references for the pod profiles and the extraction logic; representative sources:
•PCIM&H AYUSH Kvātha Cūrṇa formulary specifications (coarse-powder grade, water proportion, dose, reduction) - pcimh.gov.in
•Ayurvedic Pharmacopoeia of India (API) & Ayurvedic Formulary of India (AFI) kwatha-churna monographs
•Classical pharmaceutics refer",,,2026-08-28,3530
49,26049,SIH26049,"Modifications to improve the reliability, efficiency,and lifespan of electrical and electronic equipment and systems in the ambient condition of subzero temperature and low pressure of High Altitude Areas(HAA) and Super High Altitude Areas (SHAA) of Ladakh region.","Modifications to improve the reliability, efficiency,and lifespan of electrical and electronic equipment and systems in the ambient condition of subzero temperature and low pressure of High Altitude Areas(HAA) and Super High Altitude Areas (SHAA) of Ladakh region.",DRDO,Department of Defence Production /IDEX,Hardware,Smart Automation,0/500,20 September 2026,2026-09-20,,,,2026-08-28,3655
50,26050,SIH26050,High Altitude Performance Optimization and Robust Design of Anti-Drone System.,High Altitude Performance Optimization and Robust Design of Anti-Drone System.,DRDO,Department of Defence Production /IDEX,Hardware,Robotics and Drones,0/500,20 September 2026,2026-09-20,,,,2026-08-28,3932
51,26051,SIH26051,Software Based Model Development for Design of Area Specific Shelter for Thermal Comfort Maintenance.,Software Based Model Development for Design of Area Specific Shelter for Thermal Comfort Maintenance.,DRDO,Department of Defence Production /IDEX,Software,Miscellaneous,0/500,20 September 2026,2026-09-20,,,,2026-08-28,3455
52,26052,SIH26052,"To develop an AI/ML-enabled adaptive noise cancellation (ANC) system that effectively suppresses stationary, non-stationary, and impulsive defence noises while maintaining high speech intelligibility and real-time performance on embedded hardware.","To develop an AI/ML-enabled adaptive noise cancellation (ANC) system that effectively suppresses stationary, non-stationary, and impulsive defence noises while maintaining high speech intelligibility and real-time performance on embedded hardware.",DRDO,Department of Defence Production /IDEX,Hardware,Miscellaneous,0/500,20 September 2026,2026-09-20,,,,2026-08-28,3819
53,26053,SIH26053,Adaptive Variable Resolution 2.5D Lidar Mapping for Dynamic Environment Perception,Adaptive Variable Resolution 2.5D Lidar Mapping for Dynamic Environment Perception,DRDO,Department of Defence Production /IDEX,Software,Smart Vehicles,0/500,20 September 2026,2026-09-20,,,,2026-08-28,2217
54,26054,SIH26054,"AI-Enabled Real-Time Digital Twin System for Health Monitoring, Fault Prediction and Mission Reliability Enhancement of Aero Piston Engines used in MALE UAVs.","AI-Enabled Real-Time Digital Twin System for Health Monitoring, Fault Prediction and Mission Reliability Enhancement of Aero Piston Engines used in MALE UAVs.",DRDO,Department of Defence Production /IDEX,Software,Robotics and Drones,0/500,20 September 2026,2026-09-20,,,,2026-08-28,6156
55,26055,SIH26055,Smart Scan strategy for Electronic Warfare,Smart Scan strategy for Electronic Warfare,DRDO,Department of Defence Production /IDEX,Software,Robotics and Drones,0/500,20 September 2026,2026-09-20,"JC Wise, Radar emitter Database, 2024
huggingface.co/datasets/alan-turing institute/turing-synthetic radar dataset",,,2026-08-28,2401
56,26056,SIH26056,Development of a Real-time Airfare Price Index for India through Automated Web Scraping of Airline and Online Travel Aggregator Portals for Augmentation of the Consumer Price Index (CPI).,Development of a Real-time Airfare Price Index for India through Automated Web Scraping of Airline and Online Travel Aggregator Portals for Augmentation of the Consumer Price Index (CPI).,MoSPI,Data Informatics & Innovation Division (DIID),Software,Smart Automation,0/500,20 September 2026,2026-09-20,https://esankhyiki.mospi.gov.in,,,2026-08-28,3330
57,26057,SIH26057,AI-Powered Automated Underwater Marine Debris and Anomaly Detection System using Side-Scan Sonar Imagery,AI-Powered Automated Underwater Marine Debris and Anomaly Detection System using Side-Scan Sonar Imagery,Ministry of Earth Sciences (MoES),National Institute of Ocean Technology (NIOT),Software,Disaster Management,0/500,20 September 2026,2026-09-20,,,,2026-08-28,2968
58,26058,SIH26058,"Development of a Low-Power, Real-Time Adaptive Software-Defined Sonar Transmitter Payload for Autonomous Underwater Vehicles (AUVs)","Development of a Low-Power, Real-Time Adaptive Software-Defined Sonar Transmitter Payload for Autonomous Underwater Vehicles (AUVs)",Ministry of Earth Sciences (MoES),National Institute of Ocean Technology (NIOT),Hardware,Robotics and Drones,0/500,20 September 2026,2026-09-20,,,,2026-08-28,4320
59,26059,SIH26059,"AI-Enabled Antarctic Sea-Ice, Iceberg Trajectory, and Navigation Decision Support System","AI-Enabled Antarctic Sea-Ice, Iceberg Trajectory, and Navigation Decision Support System",Ministry of Earth Sciences (MoES),National Centre for Polar andOcean Research (NCPOR),Software,Transportation & Logistics,0/500,20 September 2026,2026-09-20,,,,2026-08-28,277
60,26060,SIH26060,Digital Platform for efficient remote management of Indian Antarctic Research Stations,Digital Platform for efficient remote management of Indian Antarctic Research Stations,Ministry of Earth Sciences (MoES),National Centre for Polar andOcean Research (NCPOR),Software,Smart Automation,0/500,20 September 2026,2026-09-20,,,,2026-08-28,172
61,26061,SIH26061,AI-Driven Smart Energy Management System for Polar Research Stations,AI-Driven Smart Energy Management System for Polar Research Stations,Ministry of Earth Sciences (MoES),National Centre for Polar andOcean Research (NCPOR),Software,Clean & Green Technology,0/500,20 September 2026,2026-09-20,,,,2026-08-28,161
62,26062,SIH26062,Integrated Polar Expedition Logistics and Asset Management System,Integrated Polar Expedition Logistics and Asset Management System,Ministry of Earth Sciences (MoES),National Centre for Polar andOcean Research (NCPOR),Software,Smart Automation,0/500,20 September 2026,2026-09-20,,,,2026-08-28,144
63,26063,SIH26063,"Integrated Polar Science Outreach, Knowledge Repository and Media Dissemination Portal","Integrated Polar Science Outreach, Knowledge Repository and Media Dissemination Portal",Ministry of Earth Sciences (MoES),National Centre for Polar andOcean Research (NCPOR),Software,Smart Education,0/500,20 September 2026,2026-09-20,,,,2026-08-28,213
64,26064,SIH26064,Low-Cost Deployable Seafloor Metal Detection Sensor for Ocean Resource Exploration,Low-Cost Deployable Seafloor Metal Detection Sensor for Ocean Resource Exploration,Ministry of Earth Sciences (MoES),National Centre for Polar andOcean Research (NCPOR),Hardware,Robotics and Drones,0/500,20 September 2026,2026-09-20,,,,2026-08-28,360
65,26065,SIH26065,Autonomous Low-Cost Ocean Observation Platform for Polar and Southern Oceans,Autonomous Low-Cost Ocean Observation Platform for Polar and Southern Oceans,Ministry of Earth Sciences (MoES),National Centre for Polar andOcean Research (NCPOR),Hardware,Robotics and Drones,0/500,20 September 2026,2026-09-20,,,,2026-08-28,220
66,26066,SIH26066,OceanEmbed - Satellite Embedding-Based Deep Learning Framework for Reconstruction of Subsurface Ocean Temperature from Surface Satellite Observations.,OceanEmbed - Satellite Embedding-Based Deep Learning Framework for Reconstruction of Subsurface Ocean Temperature from Surface Satellite Observations.,Ministry of Earth Sciences (MoES),Indian National Centre for Ocean Information Services (INCOIS) Ocean Valley,Software,Disaster Management,0/500,20 September 2026,2026-09-20,,,,2026-08-28,4267
67,26067,SIH26067,Develop a web-based interactive 3D visualization platform that integrates numerical ocean model outputs and in-situ observations.,Develop a web-based interactive 3D visualization platform that integrates numerical ocean model outputs and in-situ observations.,Ministry of Earth Sciences (MoES),Indian National Centre for Ocean Information Services (INCOIS) Ocean Valley,Software,Disaster Management,0/500,20 September 2026,2026-09-20,,,,2026-08-28,4802
68,26068,SIH26068,"WeatherGPT: Conversational AI for Weather Forecasting, Alerts, and Climate Information","WeatherGPT: Conversational AI for Weather Forecasting, Alerts, and Climate Information",Ministry of Earth Sciences (MoES),India Meteorological Department,Software,Disaster Management,0/500,20 September 2026,2026-09-20,,,,2026-08-28,2366
69,26069,SIH26069,National Weather Big Data Analytics Platform,National Weather Big Data Analytics Platform,Ministry of Earth Sciences (MoES),India Meteorological Department,Software,Disaster Management,0/500,20 September 2026,2026-09-20,,,,2026-08-28,1294
70,26070,SIH26070,"To develop an Artificial Intelligence (AI) / Machine Learning (ML) based system for identification, classification, and prediction of different tropical cyclone patterns using multi-source satellite data.","To develop an Artificial Intelligence (AI) / Machine Learning (ML) based system for identification, classification, and prediction of different tropical cyclone patterns using multi-source satellite data.",Ministry of Earth Sciences (MoES),India Meteorological Department,Software,Disaster Management,0/500,20 September 2026,2026-09-20,,,,2026-08-28,204
71,26071,SIH26071,"AI/ML-Based Integrated heavy rainfall Early Warning and Inundation Prediction System using Satellite, Radar, observational Weather and numerical weather prediction model data.","AI/ML-Based Integrated heavy rainfall Early Warning and Inundation Prediction System using Satellite, Radar, observational Weather and numerical weather prediction model data.",Ministry of Earth Sciences (MoES),India Meteorological Department,Software,Disaster Management,0/500,20 September 2026,2026-09-20,,,,2026-08-28,175
72,26072,SIH26072,"AIML based Nowcasting of thunderstorm and lightning using atmospheric observation including multiple radars, satellite, lightning and model data.","AIML based Nowcasting of thunderstorm and lightning using atmospheric observation including multiple radars, satellite, lightning and model data.",Ministry of Earth Sciences (MoES),India Meteorological Department,Software,Disaster Management,0/500,20 September 2026,2026-09-20,,,,2026-08-28,145
73,26073,SIH26073,AI/ML-Based Intelligent Anomaly Detection for Automatic Weather Stations (AWS),AI/ML-Based Intelligent Anomaly Detection for Automatic Weather Stations (AWS),Ministry of Earth Sciences (MoES),India Meteorological Department,Software,Disaster Management,0/500,20 September 2026,2026-09-20,,,,2026-08-28,3398
74,26074,SIH26074,Downscaling of weather forecast from Block level to Panchayat level: Inferring high-resolution plots/ data/ information from low-resolution plot /data /information /variables for agro-meteorological advisory services.,Downscaling of weather forecast from Block level to Panchayat level: Inferring high-resolution plots/ data/ information from low-resolution plot /data /information /variables for agro-meteorological advisory services.,Ministry of Earth Sciences (MoES),India Meteorological Department,Software,"Agriculture, FoodTech & Rural Development",0/500,20 September 2026,2026-09-20,,,,2026-08-28,217
75,26075,SIH26075,"Participants are invited to design and develop **CAPACITY CONNECT A Digital Capacity Building and Learning Management Portal** to support organizational training, competency development, and knowledge sharing through a centralized web-based platform.","Participants are invited to design and develop **CAPACITY CONNECT A Digital Capacity Building and Learning Management Portal** to support organizational training, competency development, and knowledge sharing through a centralized web-based platform.",Ministry of Earth Sciences (MoES),India Meteorological Department,Software,Smart Education,0/500,20 September 2026,2026-09-20,,,,2026-08-28,1199
76,26076,SIH26076,Development of personalized homepage for 'Mausam' mobile application:,Development of personalized homepage for 'Mausam' mobile application:,Ministry of Earth Sciences (MoES),India Meteorological Department,Software,Smart Automation,0/500,20 September 2026,2026-09-20,,,,2026-08-28,1072
77,26077,SIH26077,AI-Driven Hyper-Local Early Warning System for Severe Weather Nowcasting,AI-Driven Hyper-Local Early Warning System for Severe Weather Nowcasting,Ministry of Earth Sciences (MoES),National Centre for Medium Range Weather Forecasting (NCMRWF),Software,Disaster Management,0/500,20 September 2026,2026-09-20,,,,2026-08-28,7171
78,26078,SIH26078,AI-Driven Spatio-Temporal Tracking of Extreme Weather Anomalies in Medium-Range Forecasts,AI-Driven Spatio-Temporal Tracking of Extreme Weather Anomalies in Medium-Range Forecasts,Ministry of Earth Sciences (MoES),National Centre for Medium Range Weather Forecasting (NCMRWF),Software,Smart Automation,0/500,20 September 2026,2026-09-20,,,,2026-08-28,5775
79,26079,SIH26079,AI-Based Forecast Bust Detection for Medium-Range Weather Forecasts,AI-Based Forecast Bust Detection for Medium-Range Weather Forecasts,Ministry of Earth Sciences (MoES),National Centre for Medium Range Weather Forecasting (NCMRWF),Software,Smart Automation,0/500,20 September 2026,2026-09-20,,,,2026-08-28,1057
80,26080,SIH26080,Regime-Aware AI Post-Processing of Monsoon Rainfall Forecasts,Regime-Aware AI Post-Processing of Monsoon Rainfall Forecasts,Ministry of Earth Sciences (MoES),National Centre for Medium Range Weather Forecasting (NCMRWF),Software,Smart Automation,0/500,20 September 2026,2026-09-20,,,,2026-08-28,1084
81,26081,SIH26081,Hybrid AI–NWP Multi-Model Forecast Blending System,Hybrid AI–NWP Multi-Model Forecast Blending System,Ministry of Earth Sciences (MoES),National Centre for Medium Range Weather Forecasting (NCMRWF),Software,Disaster Management,0/500,20 September 2026,2026-09-20,,,,2026-08-28,1138
82,26082,SIH26082,Air Pollution–Weather Coupled Forecasting System (Delhi NCR Focus),Air Pollution–Weather Coupled Forecasting System (Delhi NCR Focus),Ministry of Earth Sciences (MoES),National Centre for Medium Range Weather Forecasting (NCMRWF),Software,Clean & Green Technology,0/500,20 September 2026,2026-09-20,,,,2026-08-28,1889
83,26083,SIH26083,Extreme Heatwave Early Warning and Human Thermal Stress Index,Extreme Heatwave Early Warning and Human Thermal Stress Index,Ministry of Earth Sciences (MoES),National Centre for Medium Range Weather Forecasting (NCMRWF),Software,Disaster Management,0/500,20 September 2026,2026-09-20,,,,2026-08-28,2101
84,26084,SIH26084,"Convective scale nowcasting for Thunderstorms, Hail & Cloudbursts (06 hr)","Convective scale nowcasting for Thunderstorms, Hail & Cloudbursts (06 hr)",Ministry of Earth Sciences (MoES),National Centre for Medium Range Weather Forecasting (NCMRWF),Software,Disaster Management,0/500,20 September 2026,2026-09-20,,,,2026-08-28,1837
85,26085,SIH26085,Urban Flood Nowcasting System (Drainage and Rainfall Coupling),Urban Flood Nowcasting System (Drainage and Rainfall Coupling),Ministry of Earth Sciences (MoES),National Centre for Medium Range Weather Forecasting (NCMRWF),Software,Disaster Management,0/500,20 September 2026,2026-09-20,,,,2026-08-28,2039
86,26086,SIH26086,Hyperlocal Monsoon Onset & Break Prediction System (Block/Village Scale),Hyperlocal Monsoon Onset & Break Prediction System (Block/Village Scale),Ministry of Earth Sciences (MoES),National Centre for Medium Range Weather Forecasting (NCMRWF),Software,"Agriculture, FoodTech & Rural Development",0/500,20 September 2026,2026-09-20,,,,2026-08-28,2275
87,26087,SIH26087,"AI-Enabled Cooperative Capacity Building, ERP & Employment Ecosystem","AI-Enabled Cooperative Capacity Building, ERP & Employment Ecosystem",Ministry of Cooperation,National Council for Cooperative Training (NCCT),Hardware,Smart Education,0/500,20 September 2026,2026-09-20,,,,2026-08-28,1977
88,26088,SIH26088,Multilingual Cooperative Governance & Legal Assistance Chatbot,Multilingual Cooperative Governance & Legal Assistance Chatbot,Ministry of Cooperation,National Council for Cooperative Training (NCCT),Hardware,"Agriculture, FoodTech & Rural Development",0/500,20 September 2026,2026-09-20,,,,2026-08-28,1066
89,26089,SIH26089,Cooperative Gig Services Platform for Household & Community Services,Cooperative Gig Services Platform for Household & Community Services,Ministry of Cooperation,National Council for Cooperative Training (NCCT),Software,"Agriculture, FoodTech & Rural Development",0/500,20 September 2026,2026-09-20,,,,2026-08-28,1463
90,26090,SIH26090,AI-Driven Market Linkage and Smart Cataloging Mobile Application for Marginalized Artisans,AI-Driven Market Linkage and Smart Cataloging Mobile Application for Marginalized Artisans,Ministry of Social Justice and Empowerment (MoSJE),Department of Social Justice and Empowerment,Software,Heritage & Culture,0/500,20 September 2026,2026-09-20,,,,2026-08-28,2974
91,26091,SIH26091,AI-Driven Hyper-Local Business Advisory and Financial Structuring Assistant for Rural Micro-Entrepreneurs,AI-Driven Hyper-Local Business Advisory and Financial Structuring Assistant for Rural Micro-Entrepreneurs,Ministry of Social Justice and Empowerment (MoSJE),Department of Social Justice and Empowerment,Software,"Agriculture, FoodTech & Rural Development",0/500,20 September 2026,2026-09-20,,,,2026-08-28,5182
92,26092,SIH26092,AI-Driven Scheme Matching for Marginalized Entrepreneurs,AI-Driven Scheme Matching for Marginalized Entrepreneurs,Ministry of Social Justice and Empowerment (MoSJE),Department of Social Justice and Empowerment,Software,Smart Automation,0/500,20 September 2026,2026-09-20,,,,2026-08-28,2494
93,26093,SIH26093,AI-Based Real-Time Stress and Trauma Assessment Module for Victims/Complainants Accessing NHAA (14566) and Integrated Portal,AI-Based Real-Time Stress and Trauma Assessment Module for Victims/Complainants Accessing NHAA (14566) and Integrated Portal,Ministry of Social Justice and Empowerment (MoSJE),Department of Social Justice and Empowerment,Software,MedTech / BioTech / HealthTech,0/500,20 September 2026,2026-09-20,,,,2026-08-28,2413
94,26094,SIH26094,AI-Powered Dynamic Mental Health Monitoring and Distress Prediction System for Victims of Atrocities,AI-Powered Dynamic Mental Health Monitoring and Distress Prediction System for Victims of Atrocities,Ministry of Social Justice and Empowerment (MoSJE),Department of Social Justice and Empowerment,Software,MedTech / BioTech / HealthTech,0/500,20 September 2026,2026-09-20,,,,2026-08-28,2802
95,26095,SIH26095,Smart Real-Time Monitoring & Inspection Mobile App,Smart Real-Time Monitoring & Inspection Mobile App,Ministry of Social Justice and Empowerment (MoSJE),Department of Social Justice and Empowerment,Software,Smart Automation,0/500,20 September 2026,2026-09-20,,,,2026-08-28,1017
96,26096,SIH26096,"Digital Heritage Archive for Memorials, Manuscripts & Ambedkar: AI-Powered Institutional Archive and Audio-Visual Knowledge Platform","Digital Heritage Archive for Memorials, Manuscripts & Ambedkar: AI-Powered Institutional Archive and Audio-Visual Knowledge Platform",Ministry of Social Justice and Empowerment (MoSJE),Department of Social Justice and Empowerment,Hardware,Smart Education,0/500,20 September 2026,2026-09-20,"-Dr. Ambedkar Foundation.
-Constituent Assembly Debates Archive.
-National Digital Library of India.",,,2026-08-28,2331
97,26097,SIH26097,AI-Driven voice Assistant for livelihood Mapping and NSQF-Aligned Skilling Recommendations for SC Communities under GIA component of PM-AJAY,AI-Driven voice Assistant for livelihood Mapping and NSQF-Aligned Skilling Recommendations for SC Communities under GIA component of PM-AJAY,Ministry of Social Justice and Empowerment (MoSJE),Department of Social Justice and Empowerment,Software,"Agriculture, FoodTech & Rural Development",0/500,20 September 2026,2026-09-20,,,,2026-08-28,3290
98,26098,SIH26098,Development of a Low-Cost Precision Guidance and Smart Electronic Fuze System for a 155 mm Artillery Shell,Development of a Low-Cost Precision Guidance and Smart Electronic Fuze System for a 155 mm Artillery Shell,Ministry of Defence (MoD),"Yantra India Limited, Ambajhari,Nagpur",Hardware,Smart Vehicles,0/500,20 September 2026,2026-09-20,,,,2026-08-28,2995
99,26099,SIH26099,AI-Driven Standardization and Harmonization of Material Codes Across CPSEs,AI-Driven Standardization and Harmonization of Material Codes Across CPSEs,Ministry of Petroleum & Natural Gas,Chennai Petroleum Corporation Limited(CPCL),Software,Smart Automation,0/500,20 September 2026,2026-09-20,CPSE Material Master Data / Sample Material Master Dataset –To be provided by participating CPSEs,,,2026-08-28,3578
100,26100,SIH26100,AI-Powered Integrated Bid Compliance Verification Platform for GeM Procurement,AI-Powered Integrated Bid Compliance Verification Platform for GeM Procurement,Ministry of Petroleum & Natural Gas,Chennai Petroleum Corporation Limited(CPCL),Software,Smart Automation,0/500,20 September 2026,2026-09-20,To be provided / Dummy bidder and tender datasets may be used for development and testing.,,,2026-08-28,3863
101,26101,SIH26101,"Develop an AI enabled learning platform that identifies competency gaps, recommends personalized training through integration with the iGOT Karmayogi ecosystem, and capable of generating Quizzes and Multiple choice questions (MCQs) from uploaded learning materials to strengthen capacity building in India's Official Statistical System.","Develop an AI enabled learning platform that identifies competency gaps, recommends personalized training through integration with the iGOT Karmayogi ecosystem, and capable of generating Quizzes and Multiple choice questions (MCQs) from uploaded learning materials to strengthen capacity building in India's Official Statistical System.",MoSPI,Data Informatics & Innovation Division (DIID),Software,Smart Education,0/500,20 September 2026,2026-09-20,"nssta.gov.in, mospi.gov.in",,,2026-08-28,8056
102,26102,SIH26102,"Development of an AI-powered system to detect anomalies, fraud, and inefficiencies in MPLAD Scheme implementation regd.","Development of an AI-powered system to detect anomalies, fraud, and inefficiencies in MPLAD Scheme implementation regd.",MoSPI,Data Informatics & Innovation Division (DIID),Software,Smart Automation,0/500,20 September 2026,2026-09-20,https://mplads.mospi.gov.in/digigov/dashboard.html,,,2026-08-28,2889
103,26103,SIH26103,Use case on web-based integrated project-monitoring platform,Use case on web-based integrated project-monitoring platform,MoSPI,Data Informatics & Innovation Division (DIID),Software,Smart Automation,0/500,20 September 2026,2026-09-20,"The Project Monitoring Report for the month of April, 2026 may be referred for developing an understanding on the key field/ parameters through https://paimana-proj.mospi.gov.in/ReportPage",,,2026-08-28,7281
104,26104,SIH26104,AI-Powered Real-Time Detection and Prevention of Voice Cloning Impersonation Attacks,AI-Powered Real-Time Detection and Prevention of Voice Cloning Impersonation Attacks,All India Council for Technical Education (AICTE),Cyber Security Cell,Software,Blockchain & Cybersecurity,0/500,20 September 2026,2026-09-20,,,,2026-08-28,5347
105,26105,SIH26105,AI-Powered Continuous Cyber Risk Quantification and Investment Optimization Platform,AI-Powered Continuous Cyber Risk Quantification and Investment Optimization Platform,All India Council for Technical Education (AICTE),Cyber Security Cell,Software,Blockchain & Cybersecurity,0/500,20 September 2026,2026-09-20,,,,2026-08-28,5995
106,26106,SIH26106,"AI-Powered Email Threat Detection, GeoLocation and Forensic Intelligence Platform","AI-Powered Email Threat Detection, GeoLocation and Forensic Intelligence Platform",All India Council for Technical Education (AICTE),Cyber Security Cell,Software,Blockchain & Cybersecurity,0/500,20 September 2026,2026-09-20,,,,2026-08-28,7081
107,26107,SIH26107,Al-powered Intelligent Assistant for Indian Standards and BIS Services for Industries and Consumers,Al-powered Intelligent Assistant for Indian Standards and BIS Services for Industries and Consumers,"Ministry of Consumer Affairs, Food & Public Distribution",Department of Consumer Affairs (DoCA),Software,Smart Automation,0/500,20 September 2026,2026-09-20,,,,2026-08-28,1537
108,26108,SIH26108,AI-Powered Recommendation Engine for Identifying Applicable Indian Standards for Procurement Specifications,AI-Powered Recommendation Engine for Identifying Applicable Indian Standards for Procurement Specifications,"Ministry of Consumer Affairs, Food & Public Distribution",Department of Consumer Affairs (DoCA),Software,Smart Automation,0/500,20 September 2026,2026-09-20,,,,2026-08-28,1909
109,26109,SIH26109,Al-Based Predictive Modelling for Early Forecasting of Bovine Mastitis in lndian Dairy Farms,Al-Based Predictive Modelling for Early Forecasting of Bovine Mastitis in lndian Dairy Farms,"Ministry of Fisheries, Animal Husbandry & Dairying",Department of Animal Husbandry & Dairying,Hardware,"Agriculture, FoodTech & Rural Development",0/500,20 September 2026,2026-09-20,,,,2026-08-28,6107
110,26110,SIH26110,Development of a Low-Cost Light-weight Milk Chilling Can for Small-Scale Dairy Farmers,Development of a Low-Cost Light-weight Milk Chilling Can for Small-Scale Dairy Farmers,"Ministry of Fisheries, Animal Husbandry & Dairying",Department of Animal Husbandry & Dairying,Hardware,"Agriculture, FoodTech & Rural Development",0/500,20 September 2026,2026-09-20,Dairy temperature monitoring and milk quality datasets collected from local dairy cooperatives or experimental field trials.,,,2026-08-28,2493
111,26111,SIH26111,Smart Al-Enabled Rapid Feed and Silage Quality Testing System for Dairy Farmers,Smart Al-Enabled Rapid Feed and Silage Quality Testing System for Dairy Farmers,"Ministry of Fisheries, Animal Husbandry & Dairying",Department of Animal Husbandry & Dairying,Software,"Agriculture, FoodTech & Rural Development",0/500,20 September 2026,2026-09-20,,,,2026-08-28,1906
112,26112,SIH26112,Design and Develop a Modular Autonomous Mobile Robot (AMR) Platform for Smart Warehouse Automation,Design and Develop a Modular Autonomous Mobile Robot (AMR) Platform for Smart Warehouse Automation,Autodesk,Autodesk Education Experience,Hardware,Robotics and Drones,0/500,20 September 2026,2026-09-20,,,,2026-08-28,2785
113,26113,SIH26113,"Human augmentation technologies are transforming healthcare,rehabilitation, industrial ergonomics, assistive living, sports, and personal mobility by improving human capabilities and enhancing quality of life.","Human augmentation technologies are transforming healthcare,rehabilitation, industrial ergonomics, assistive living, sports, and personal mobility by improving human capabilities and enhancing quality of life.",Autodesk,Autodesk Education Experience,Hardware,MedTech / BioTech / HealthTech,0/500,20 September 2026,2026-09-20,,,,2026-08-28,4110
114,26114,SIH26114,Smart City Site Planning using Autodesk Forma Site Design,Smart City Site Planning using Autodesk Forma Site Design,Autodesk,Autodesk Education Experience,Software,Miscellaneous,0/500,20 September 2026,2026-09-20,,,,2026-08-28,2924
115,26115,SIH26115,Design and Develop a Smart Mobile Medical-Waste Collection and Segregation System,Design and Develop a Smart Mobile Medical-Waste Collection and Segregation System,Autodesk,Autodesk Education Experience,Software,MedTech / BioTech / HealthTech,0/500,20 September 2026,2026-09-20,,,,2026-08-28,2417
116,26116,SIH26116,"Urban Mixed-Use Design Challenge-Design a centrally located mixed-use building in Autodesk Revit with commercial spaces (Ground + 1st floor) and residential units (up to 8 floors). 1 Level of Basement (Car Parking + EV Charging), Total (B+G+9)(Note: Plot size and all required dimensions may be assumed by students (in mm units).","Urban Mixed-Use Design Challenge-Design a centrally located mixed-use building in Autodesk Revit with commercial spaces (Ground + 1st floor) and residential units (up to 8 floors). 1 Level of Basement (Car Parking + EV Charging), Total (B+G+9)(Note: Plot size and all required dimensions may be assumed by students (in mm units).",Autodesk,Autodesk Education Experience,Software,Miscellaneous,0/500,20 September 2026,2026-09-20,,,,2026-08-28,3808
117,26117,SIH26117,Sovereign On-Premise Agentic AI Workbench using Open-Weight Multimodal LLMs for Confidential Industrial Work,Sovereign On-Premise Agentic AI Workbench using Open-Weight Multimodal LLMs for Confidential Industrial Work,Mangalore Refinery and Petrochemicals Limited (MRPL),Mangalore Refinery and Petrochemicals Limited (MRPL),Software,Smart Automation,0/500,20 September 2026,2026-09-20,"Open-source models and publicly available document samples (sample scanned PDFs, sample P&IDs from open datasets) to be used for demonstration; no proprietary data required.",,,2026-08-28,2958
118,26118,SIH26118,Passive Colorimetric H2S Exposure-Dosimeter Wristband with AI-Based Quantitative Reading,Passive Colorimetric H2S Exposure-Dosimeter Wristband with AI-Based Quantitative Reading,Mangalore Refinery and Petrochemicals Limited (MRPL),Mangalore Refinery and Petrochemicals Limited (MRPL),Hardware,Smart Automation,0/500,20 September 2026,2026-09-20,,,,2026-08-28,2268
119,26119,SIH26119,Indigenous GPU-Accelerated Optimization Solver (Sovereign Alternative to Express / CEPLEX),Indigenous GPU-Accelerated Optimization Solver (Sovereign Alternative to Express / CEPLEX),Mangalore Refinery and Petrochemicals Limited (MRPL),Mangalore Refinery and Petrochemicals Limited (MRPL),Software,Smart Automation,0/500,20 September 2026,2026-09-20,"Teams to use publicly available mathematical optimization benchmark datasets such as MIPLIB, Netlib LP, Mittelmann benchmark instances, QPLIB (for quadratic programming where applicable), along with representative refinery scheduling, crude blending, production planning and supply chain optimization case studies from open literature. Where industrial da",,,2026-08-28,4118
120,26120,SIH26120,Digital Twin for Well-to-Surface Optimization of Cyclic Steam Stimulation (CSS) and Sucker Rod Pump (SRP) Operations for Heavy Oil Wells of Baghewala Field.,Digital Twin for Well-to-Surface Optimization of Cyclic Steam Stimulation (CSS) and Sucker Rod Pump (SRP) Operations for Heavy Oil Wells of Baghewala Field.,Oil India Limited,Oil India Limited,Software,Smart Automation,0/500,20 September 2026,2026-09-20,,,,2026-08-28,2674
121,26121,SIH26121,eRTMAC-NWIS (Nearby Wells Intelligence System): An AI-Powered Offset Well Knowledge and Decision Support Platform for Drilling Operations,eRTMAC-NWIS (Nearby Wells Intelligence System): An AI-Powered Offset Well Knowledge and Decision Support Platform for Drilling Operations,Oil India Limited,Oil India Limited,Software,Smart Automation,0/500,20 September 2026,2026-09-20,,,,2026-08-28,3194
122,26122,SIH26122,Intelligent Data Capture & Schedule-Linking Layer for Infrastructure Project Management: Real-Time Actual Progress Tracking (Planning-to-Execution Bridge),Intelligent Data Capture & Schedule-Linking Layer for Infrastructure Project Management: Real-Time Actual Progress Tracking (Planning-to-Execution Bridge),Oil India Limited,Oil India Limited,Software,Smart Automation,0/500,20 September 2026,2026-09-20,,,,2026-08-28,3690
123,26123,SIH26123,Edge-AI Based Distributed Fleet Coordination for Autonomous Mobile Robots (AMRs) in Smart Warehouses,Edge-AI Based Distributed Fleet Coordination for Autonomous Mobile Robots (AMRs) in Smart Warehouses,Bharat Electronics Limited,Bharat Electronics Limited,Software,Smart Automation,0/500,20 September 2026,2026-09-20,,,,2026-08-28,1734
124,26124,SIH26124,AI-Powered Mobile Urban Intelligence Platform Using Public Transport Fleet,AI-Powered Mobile Urban Intelligence Platform Using Public Transport Fleet,Bharat Electronics Limited,Bharat Electronics Limited,Software,Smart Automation,0/500,20 September 2026,2026-09-20,,,,2026-08-28,2269
125,26125,SIH26125,"Blockchain-Based Secure Platform for Identity,Access Control, and Digital Asset Management","Blockchain-Based Secure Platform for Identity,Access Control, and Digital Asset Management",Bharat Electronics Limited,Bharat Electronics Limited,Software,Blockchain & Cybersecurity,0/500,20 September 2026,2026-09-20,,,,2026-08-28,3528
126,26126,SIH26126,Vision Based Autonomous Navigation for Unmanned Ground Vehicle for Outdoor environment,Vision Based Autonomous Navigation for Unmanned Ground Vehicle for Outdoor environment,Bharat Electronics Limited,Bharat Electronics Limited,Software,Smart Automation,0/500,20 September 2026,2026-09-20,,,,2026-08-28,1318
127,26127,SIH26127,City-Wide AI Engine for Multi-Camera ANPR Trajectory Tracking and Urban Traffic Analytics,City-Wide AI Engine for Multi-Camera ANPR Trajectory Tracking and Urban Traffic Analytics,Bharat Electronics Limited,Bharat Electronics Limited,Software,Smart Automation,0/500,20 September 2026,2026-09-20,,,,2026-08-28,2707
128,26128,SIH26128,"Efficient systems for early detection,prevention,and management of livestock diseases and animal health issues","Efficient systems for early detection,prevention,and management of livestock diseases and animal health issues",Government Of Maharashtra,"Maharashtra State Innovation Society, Department of Skills, Employment, Entrepreneurship and Innovation",Software,MedTech / BioTech / HealthTech,0/500,20 September 2026,2026-09-20,,,,2026-08-28,1700
129,26129,SIH26129,"System integration and interoperability among government digital platforms,resulting in fragmented service delivery","System integration and interoperability among government digital platforms,resulting in fragmented service delivery",Government Of Maharashtra,"Maharashtra State Innovation Society, Department of Skills, Employment, Entrepreneurship and Innovation",Software,Miscellaneous,0/500,20 September 2026,2026-09-20,,,,2026-08-28,1496
130,26130,SIH26130,"Efficiency in streamlining industrial approvals,compliance processes,and access to government support services","Efficiency in streamlining industrial approvals,compliance processes,and access to government support services",Government Of Maharashtra,"Maharashtra State Innovation Society, Department of Skills, Employment, Entrepreneurship and Innovation",Software,Miscellaneous,0/500,20 September 2026,2026-09-20,,,,2026-08-28,1521
131,26131,SIH26131,Early detection and management of crop diseases and pest infestations,Early detection and management of crop diseases and pest infestations,Government Of Maharashtra,"Maharashtra State Innovation Society, Department of Skills, Employment, Entrepreneurship and Innovation",Software,"Agriculture, FoodTech & Rural Development",0/500,20 September 2026,2026-09-20,,,,2026-08-28,1378
132,26132,SIH26132,Strengthening market linkages and price discovery for farmers,Strengthening market linkages and price discovery for farmers,Government Of Maharashtra,"Maharashtra State Innovation Society, Department of Skills, Employment, Entrepreneurship and Innovation",Software,"Agriculture, FoodTech & Rural Development",0/500,20 September 2026,2026-09-20,,,,2026-08-28,1372
133,26133,SIH26133,"Accessibility and quality of public healthcare services,particularly in rural and underserved areas","Accessibility and quality of public healthcare services,particularly in rural and underserved areas",Government Of Maharashtra,"Maharashtra State Innovation Society, Department of Skills, Employment, Entrepreneurship and Innovation",Software,MedTech / BioTech / HealthTech,0/500,20 September 2026,2026-09-20,,,,2026-08-28,1425
134,26134,SIH26134,Challenges in aligning skill development programs with industry requirements and emerging job market demands,Challenges in aligning skill development programs with industry requirements and emerging job market demands,Government Of Maharashtra,"Maharashtra State Innovation Society, Department of Skills, Employment, Entrepreneurship and Innovation",Software,Miscellaneous,0/500,20 September 2026,2026-09-20,,,,2026-08-28,1378
135,26135,SIH26135,"Difficulties in tracking employment outcomes,skill gaps, and the impact of skilling initiatives","Difficulties in tracking employment outcomes,skill gaps, and the impact of skilling initiatives",Government Of Maharashtra,"Maharashtra State Innovation Society, Department of Skills, Employment, Entrepreneurship and Innovation",Software,Miscellaneous,0/500,20 September 2026,2026-09-20,,,,2026-08-28,1369
136,26136,SIH26136,"Startup friendly public procurement mechanism that enables government departments to identify,pilot, procure,and scale innovative solutions from eligible startups","Startup friendly public procurement mechanism that enables government departments to identify,pilot, procure,and scale innovative solutions from eligible startups",Government Of Maharashtra,"Maharashtra State Innovation Society, Department of Skills, Employment, Entrepreneurship and Innovation",Software,Miscellaneous,0/500,20 September 2026,2026-09-20,,,,2026-08-28,1614
137,26137,SIH26137,Quantum-Inspired Intelligent Traffic Route Optimization in Transportation Systems Using Metaheuristic Optimization,Quantum-Inspired Intelligent Traffic Route Optimization in Transportation Systems Using Metaheuristic Optimization,Egreen Quanta,Egreen Quanta,Software,Transportation & Logistics,0/500,20 September 2026,2026-09-20,Public/Open,,,2026-08-28,1924
138,26138,SIH26138,Quantum-Inspired Fuel Consumption Prediction and Green Fleet Optimization,Quantum-Inspired Fuel Consumption Prediction and Green Fleet Optimization,Egreen Quanta,Egreen Quanta,Software,Clean & Green Technology,0/500,20 September 2026,2026-09-20,Public/Open,,,2026-08-28,2486
139,26139,SIH26139,Hybrid Quantum Machine Learning Platform for Early Disease Detection,Hybrid Quantum Machine Learning Platform for Early Disease Detection,Egreen Quanta,Egreen Quanta,Software,MedTech / BioTech / HealthTech,0/500,20 September 2026,2026-09-20,Public/Open,,,2026-08-28,2509
140,26140,SIH26140,AI-Based Interactive Quantum Algorithm Learning Platform,AI-Based Interactive Quantum Algorithm Learning Platform,Egreen Quanta,Egreen Quanta,Software,Smart Education,0/500,20 September 2026,2026-09-20,Public/Open,,,2026-08-28,2748
141,26141,SIH26141,Quantum-Inspired Cyber Threat Detection for Digital Signature Security,Quantum-Inspired Cyber Threat Detection for Digital Signature Security,Egreen Quanta,Egreen Quanta,Software,Blockchain & Cybersecurity,0/500,20 September 2026,2026-09-20,Public/Open,,,2026-08-28,2722
142,26142,SIH26142,Deep Learning Based Super Resolution Mapping (SRM) from Medium Resolution Satellite Imageries,Deep Learning Based Super Resolution Mapping (SRM) from Medium Resolution Satellite Imageries,National Technical Research Organisation (NTRO),National Technical Research Organisation (NTRO),Software,Space Technology,0/500,20 September 2026,2026-09-20,https://browser.dataspace.copernicus.eu,,https://www.youtube.com/watch?v=cQoHSStTEdM,2026-08-28,3347
143,26143,SIH26143,Leveraging satellite imagery to determine Oil spills at sea along with AIS data correlations to identify vessel responsible for the spill.,Leveraging satellite imagery to determine Oil spills at sea along with AIS data correlations to identify vessel responsible for the spill.,National Technical Research Organisation (NTRO),National Technical Research Organisation (NTRO),Software,Disaster Management,0/500,20 September 2026,2026-09-20,"AIS Data
1.Format of AIS data can be obtained from sample AIS data available to https://marinecadastre.gov/accessais/. 
2.Real AIS if available may be used else synthetic data can be prepared for the region of oil spill to demonstrate the functioning of the algorithm.
Satellite Imagery Data of Oil spills
3.Zenodo - Sentinel-1 SAR Oil Spill Dataset P",,https://www.youtube.com/watch?v=cQoHSStTEdM,2026-08-28,1467
144,26144,SIH26144,Design & Development of a High-Sensitivity Micro barometer Infrasound sensor,Design & Development of a High-Sensitivity Micro barometer Infrasound sensor,National Technical Research Organisation (NTRO),National Technical Research Organisation (NTRO),Hardware,Smart Automation,0/500,20 September 2026,2026-09-20,,,,2026-08-28,2287
145,26145,SIH26145,AI-Based Detection of Cyber Threats in Unidirectional IP Traffic,AI-Based Detection of Cyber Threats in Unidirectional IP Traffic,National Technical Research Organisation (NTRO),National Technical Research Organisation (NTRO),Software,Blockchain & Cybersecurity,0/500,20 September 2026,2026-09-20,"a)Synthetic and lab-generated traffic: Benign load from iperf3, Ostinato, or TRex; attack traffic from hping3 (SYN/UDP floods), Slowloris (slow HTTP exhaustion), dnscat2/iodine (DNS tunnelling), and DGA samples from published algorithms (e.g., via DGArchive) or a sandboxed C2 emulator for realistic beaconing timing. 
b)Feature extraction : Extract flow",,,2026-08-28,3504
146,26146,SIH26146,AI-Powered Monitoring & Analysis of Bitcoin Transaction Traffic,AI-Powered Monitoring & Analysis of Bitcoin Transaction Traffic,National Technical Research Organisation (NTRO),National Technical Research Organisation (NTRO),Software,Blockchain & Cybersecurity,0/500,20 September 2026,2026-09-20,,,,2026-08-28,1947
147,26147,SIH26147,Automated model for analysis of .IQ and .wav files along with signal parameter extraction,Automated model for analysis of .IQ and .wav files along with signal parameter extraction,National Technical Research Organisation (NTRO),National Technical Research Organisation (NTRO),Software,Space Technology,0/500,20 September 2026,2026-09-20,,,,2026-08-28,2771
148,26148,SIH26148,Creation of scripts/functions with new programming language to commence Computer & Network forensic analysis without triggering security solutions,Creation of scripts/functions with new programming language to commence Computer & Network forensic analysis without triggering security solutions,National Technical Research Organisation (NTRO),National Technical Research Organisation (NTRO),Software,Blockchain & Cybersecurity,0/500,20 September 2026,2026-09-20,,,,2026-08-28,3162
149,26149,SIH26149,Design and Development of an Integrated Secure Data Erasure and Advanced File Recovery Tool for Digital Forensics and Data Sanitization,Design and Development of an Integrated Secure Data Erasure and Advanced File Recovery Tool for Digital Forensics and Data Sanitization,National Technical Research Organisation (NTRO),National Technical Research Organisation (NTRO),Software,Blockchain & Cybersecurity,0/500,20 September 2026,2026-09-20,,,,2026-08-28,3345
150,26150,SIH26150,"Development of a Multi-Vendor DVR/NVR Forensic Analysis Tool for Standardized Acquisition, Recovery, and Analysis of Surveillance Evidence.","Development of a Multi-Vendor DVR/NVR Forensic Analysis Tool for Standardized Acquisition, Recovery, and Analysis of Surveillance Evidence.",National Technical Research Organisation (NTRO),National Technical Research Organisation (NTRO),Software,Blockchain & Cybersecurity,0/500,20 September 2026,2026-09-20,,,,2026-08-28,3519
151,26151,SIH26151,Dark web threat actor de-anonymization,Dark web threat actor de-anonymization,National Technical Research Organisation (NTRO),National Technical Research Organisation (NTRO),Software,Blockchain & Cybersecurity,0/500,20 September 2026,2026-09-20,,,,2026-08-28,2158
152,26152,SIH26152,Social Media Analytics,Social Media Analytics,National Technical Research Organisation (NTRO),National Technical Research Organisation (NTRO),Software,Blockchain & Cybersecurity,0/500,20 September 2026,2026-09-20,,,,2026-08-28,2606
153,26153,SIH26153,AI based Network Attack Forecasting from Network Traffic Data,AI based Network Attack Forecasting from Network Traffic Data,National Technical Research Organisation (NTRO),National Technical Research Organisation (NTRO),Software,Blockchain & Cybersecurity,0/500,20 September 2026,2026-09-20,"-Check nciipc.gov.in; helpdesk1@nciipc.gov.in
-Use publicly available datasets such as CIC-IDS2017/2018, UNSW-NB15, CTU-13, CICIoT2023, LANL Authentication Dataset, DARPA Intrusion Detection datasets, together with public knowledge bases such as MITRE ATT&CK, CAPEC, CVE/NVD and other open cybersecurity resources.",,,2026-08-28,7054
154,26154,SIH26154,Gen AI Platform for Automated Content Transformation,Gen AI Platform for Automated Content Transformation,National Technical Research Organisation (NTRO),National Technical Research Organisation (NTRO),Software,Blockchain & Cybersecurity,0/500,20 September 2026,2026-09-20,,,Check nciipc.gov.in ; helpdesk1@nciipc.gov.in,2026-08-28,2963
155,26155,SIH26155,AI-Driven Multi-Vendor Network Security Compliance Auditor,AI-Driven Multi-Vendor Network Security Compliance Auditor,National Technical Research Organisation (NTRO),National Technical Research Organisation (NTRO),Software,Blockchain & Cybersecurity,0/500,20 September 2026,2026-09-20,"-Check nciipc.gov.in , helpdesk1@nciipc.gov.in
-CIS Benchmarks, NIST SP 800-53, DISA STIGs, ISO/IEC 27001; Vendor-specific CLI configuration samples.",,,2026-08-28,6024
156,26156,SIH26156,Universal Log Pre-processing Framework,Universal Log Pre-processing Framework,National Technical Research Organisation (NTRO),National Technical Research Organisation (NTRO),Software,Blockchain & Cybersecurity,0/500,20 September 2026,2026-09-20,,,"Check nciipc.gov.in , helpdesk1@nciipc.gov.in",2026-08-28,2966
157,26157,SIH26157,Supervisory Analytics Tool for SOC Assessment (SAT-SA),Supervisory Analytics Tool for SOC Assessment (SAT-SA),National Technical Research Organisation (NTRO),National Technical Research Organisation (NTRO),Software,Blockchain & Cybersecurity,0/500,20 September 2026,2026-09-20,,,,2026-08-28,8029
158,26158,SIH26158,Single-Pass Drone Video to Accurate 3D Model Generation System,Single-Pass Drone Video to Accurate 3D Model Generation System,National Technical Research Organisation (NTRO),National Technical Research Organisation (NTRO),Software,Robotics and Drones,0/500,20 September 2026,2026-09-20,Will be provided real time.,,,2026-08-28,2319
159,26159,SIH26159,SecureMailScope: AI-Assisted Cryptographic Security Posture Assessment for Secure Email Communications,SecureMailScope: AI-Assisted Cryptographic Security Posture Assessment for Secure Email Communications,National Technical Research Organisation (NTRO),National Technical Research Organisation (NTRO),Software,Blockchain & Cybersecurity,0/500,20 September 2026,2026-09-20,"Synthetic -   Participants May generate IMAPS, POP3S,SMTPS Data using any E-mail server /client of their interest and capture pcap dump",,,2026-08-28,4030
160,26160,SIH26160,AI-Powered IPsec VPN Protocol Analyzer and Security Assessment Framework,AI-Powered IPsec VPN Protocol Analyzer and Security Assessment Framework,National Technical Research Organisation (NTRO),National Technical Research Organisation (NTRO),Software,Blockchain & Cybersecurity,0/500,20 September 2026,2026-09-20,,,,2026-08-28,3350
161,26161,SIH26161,Dam Break Inundation Modelling Using Hydrodynamic Modelling of any River,Dam Break Inundation Modelling Using Hydrodynamic Modelling of any River,National Technical Research Organisation (NTRO),National Technical Research Organisation (NTRO),Software,Disaster Management,0/500,20 September 2026,2026-09-20,"Open source Remote Sensing data (Sentinel, Landsat or any open source satellite image) and ASTER/ STRM or any other DEM.",,,2026-08-28,2834
162,26162,SIH26162,"AI-Based Detection and Classification of Industrial Fires and Persistent Thermal Sources Using NASA FIRMS, OSM & Satellite Data","AI-Based Detection and Classification of Industrial Fires and Persistent Thermal Sources Using NASA FIRMS, OSM & Satellite Data",National Technical Research Organisation (NTRO),National Technical Research Organisation (NTRO),Software,Disaster Management,0/500,20 September 2026,2026-09-20,firms.modap.eosdis.nasa.gov/map,,,2026-08-28,1623
163,26163,SIH26163,Security Assessment of the World Monitor application,Security Assessment of the World Monitor application,National Technical Research Organisation (NTRO),National Technical Research Organisation (NTRO),Software,Smart Automation,0/500,20 September 2026,2026-09-20,"App link-  https://www.worldmonitor.app
Source Code:  https://github.com/koala73/worldmonitor",,https://www.youtube.com/watch?v=-wws31Ol3mc,2026-08-28,1946
164,26164,SIH26164,Enterprise Cryptographic Discovery & Analysis Tool (ECDAT),Enterprise Cryptographic Discovery & Analysis Tool (ECDAT),National Technical Research Organisation (NTRO),National Technical Research Organisation (NTRO),Software,Blockchain & Cybersecurity,0/500,20 September 2026,2026-09-20,"Standard Open source datasets for source code repositories (eg:Github), libraries (eg: Openssl) may be used.",,,2026-08-28,1497
165,26165,SIH26165,AI/NLP Engine to Detect Serious Injury & Fatality (SIF) Precursors in OIL's Unsafe-Act/Unsafe-Condition and Near-Miss Reports,AI/NLP Engine to Detect Serious Injury & Fatality (SIF) Precursors in OIL's Unsafe-Act/Unsafe-Condition and Near-Miss Reports,Oil India Limited,Oil India Limited,Software,Smart Automation,0/500,20 September 2026,2026-09-20,,,,2026-08-28,1288
166,26166,SIH26166,"Multi-modal, Sun angle and scale invariant image correspondence using Chandrayaan-2 optical images (OHRC, TMC and IIRS)","Multi-modal, Sun angle and scale invariant image correspondence using Chandrayaan-2 optical images (OHRC, TMC and IIRS)",Indian Space Research Organisation(ISRO),Department of Space / Indian Space Research Organisation,Software,Space Technology,0/500,20 September 2026,2026-09-20,"Specific datasets link will be provided - TBD
• Chandrayaan-2 orbiter optical payload: OHRC, TMC-2, IIRS lunar images. (Link: https://chmapbrowse.issdc.gov.in/)
• Reference: LRO NAC Images (Lunar Reconnaissance Orbiter Narrow Angle Camera) (Link: https://lroc.im.-ldi.com/images/downloads/ , https://quickmap.lroc.im-ldi.com/ ), SELENE Images",,,2026-08-28,1659
167,26167,SIH26167,SatQuery AI - An Interactive Vision-Language Assistant for Multimodal Remote Sensing Image Analysis through Text Queries,SatQuery AI - An Interactive Vision-Language Assistant for Multimodal Remote Sensing Image Analysis through Text Queries,Indian Space Research Organisation(ISRO),Department of Space / Indian Space Research Organisation,Software,Space Technology,0/500,20 September 2026,2026-09-20,"Training / Fine-Tuning Dataset
BigEarthNet.txt - primary dataset for remote-sensing adaptation using co-registered Sentinel-1 SAR, Sentinel-2 multispectral imagery, and diverse text annotations. Link: https://arxiv.org/abs/2603.29630. All datasets are available online open source.
Public Evaluation Benchmarks
• VRSBench - for remote-sensing image cap",,,2026-08-28,7793
168,26168,SIH26168,AI-ML based Intelligent Dead Reckoning system for seamless navigation,AI-ML based Intelligent Dead Reckoning system for seamless navigation,Indian Space Research Organisation(ISRO),Department of Space / Indian Space Research Organisation,Software,Smart Vehicles,0/500,20 September 2026,2026-09-20,IO-VNBD: Inertial and Odometry benchmark dataset for ground vehicle positioning (https://github.com/onyekpeu/IO-VNBD),,,2026-08-28,7775
169,26169,SIH26169,Development of an AI-Based Virtual Camera Tracking System for Coarse Alignment of Mobile Free Space Optical Communication (FSOC) Terminals,Development of an AI-Based Virtual Camera Tracking System for Coarse Alignment of Mobile Free Space Optical Communication (FSOC) Terminals,Indian Space Research Organisation(ISRO),Department of Space / Indian Space Research Organisation,Software,Smart Automation,0/500,20 September 2026,2026-09-20,,,,2026-08-28,4145
170,26170,SIH26170,AI-Driven Anomaly Detection in Component Burn-In & Screening,AI-Driven Anomaly Detection in Component Burn-In & Screening,Indian Space Research Organisation(ISRO),Department of Space / Indian Space Research Organisation,Software,Smart Automation,0/500,20 September 2026,2026-09-20,,,,2026-08-28,1713
171,26171,SIH26171,On-device Visual Perception for Light-weight Browser Agents,On-device Visual Perception for Light-weight Browser Agents,Indian Space Research Organisation(ISRO),Department of Space / Indian Space Research Organisation,Software,Smart Automation,0/500,20 September 2026,2026-09-20,Any open-source data can be used. Use cases for evaluation will provided during finale,,,2026-08-28,3663
172,26172,SIH26172,Low Latency and Efficient Voice Activator for Edge Devices,Low Latency and Efficient Voice Activator for Edge Devices,Indian Space Research Organisation(ISRO),Department of Space / Indian Space Research Organisation,Hardware,Smart Automation,0/500,20 September 2026,2026-09-20,,,,2026-08-28,2042
173,26173,SIH26173,iTantra -Indian Multilingual TTS & STT Aided Neural Transceiver Radio Access for low bitrate links,iTantra -Indian Multilingual TTS & STT Aided Neural Transceiver Radio Access for low bitrate links,Indian Space Research Organisation(ISRO),Department of Space / Indian Space Research Organisation,Software,Smart Automation,0/500,20 September 2026,2026-09-20,,,,2026-08-28,2604
174,26174,SIH26174,AI Human Activity Recognition for On-board BAS Experiments,AI Human Activity Recognition for On-board BAS Experiments,Indian Space Research Organisation(ISRO),Department of Space / Indian Space Research Organisation,Software,Space Technology,0/500,20 September 2026,2026-09-20,"This problem requires synthetic dataset generation. Teams have to build a custom, highly focused local dataset (even just using a webcam) replicating a specific experiment. For this particular problem, following is the sequence of steps in a sample experiment:
Sample Experiment
You are given a box that contains two smaller boxes of color red and yello",,,2026-08-28,2151
175,26175,SIH26175,DepthWizard - Single-View Height Estimation and 3D Flythrough,DepthWizard - Single-View Height Estimation and 3D Flythrough,Indian Space Research Organisation(ISRO),Department of Space / Indian Space Research Organisation,Software,Disaster Management,0/500,20 September 2026,2026-09-20,"Any high-resolution remote-sensing dataset openly available on the internet may be used for development. Reference dataset: https://github.com/IMG-PROCESS-SAC/SIH2026/. A lower-resolution DEM source such as SRTM 30 m may be used to map scale-agnostic depth features to absolute metric elevations. During final evaluation, ISRO RGB-band optical satellite i",,,2026-08-28,3866
176,26176,SIH26176,ORCA Marine EcOsystem Reasoning with Collaborative Agents,ORCA Marine EcOsystem Reasoning with Collaborative Agents,Indian Space Research Organisation(ISRO),Department of Space / Indian Space Research Organisation,Software,Disaster Management,0/500,20 September 2026,2026-09-20,,,,2026-08-28,5493
177,26177,SIH26177,"A deployable AI-powered autonomous drone that aids search-and-rescue operations by detecting people and hazards, thereby improving responder safety and reducing victim discovery time.","A deployable AI-powered autonomous drone that aids search-and-rescue operations by detecting people and hazards, thereby improving responder safety and reducing victim discovery time.",Qualcomm Inc,Qualcomm Inc,Hardware,Robotics and Drones,0/500,20 September 2026,2026-09-20,,,,2026-08-28,2718
178,26178,SIH26178,"A resilient, AI-powered environmental monitoring network that provides early detection, localized intelligence, and actionable alerts for floods, forest fires, pollution events, and other environmental hazards common in India, enabling authorities and communities to shift from reactive disaster response to proactive risk prevention.","A resilient, AI-powered environmental monitoring network that provides early detection, localized intelligence, and actionable alerts for floods, forest fires, pollution events, and other environmental hazards common in India, enabling authorities and communities to shift from reactive disaster response to proactive risk prevention.",Qualcomm Inc,Qualcomm Inc,Hardware,Disaster Management,0/500,20 September 2026,2026-09-20,,,,2026-08-28,3549
179,26179,SIH26179,"To build an AI-powered retail intelligence platform that delivers real-time shopper analytics, automated inventory visibility, and proactive queue management through on-device AI,enabling retailers to reduce stock-outs, improve customer experience, optimize staffing, and increase operational efficiency while maintaining privacy and minimizing cloud dependency.","To build an AI-powered retail intelligence platform that delivers real-time shopper analytics, automated inventory visibility, and proactive queue management through on-device AI,enabling retailers to reduce stock-outs, improve customer experience, optimize staffing, and increase operational efficiency while maintaining privacy and minimizing cloud dependency.",Qualcomm Inc,Qualcomm Inc,Hardware,Miscellaneous,0/500,20 September 2026,2026-09-20,,,,2026-08-28,3548
180,26180,SIH26180,"A field-deployable AI-powered Smart Farming Assistant that helps farmers detect crop diseases, pests, nutrient deficiencies, and irrigation needs at an early stage, while improving resilience against droughts, floods, heat waves, and other agricultural risks common in India. The solution should enable higher yields, lower input costs, more efficient water usage, and faster response to emerging threats through real-time on-device intelligence.","A field-deployable AI-powered Smart Farming Assistant that helps farmers detect crop diseases, pests, nutrient deficiencies, and irrigation needs at an early stage, while improving resilience against droughts, floods, heat waves, and other agricultural risks common in India. The solution should enable higher yields, lower input costs, more efficient water usage, and faster response to emerging threats through real-time on-device intelligence.",Qualcomm Inc,Qualcomm Inc,Hardware,"Agriculture, FoodTech & Rural Development",0/500,20 September 2026,2026-09-20,,,,2026-08-28,3832
181,26181,SIH26181,"A secure, AI-powered Personal Health Companion that delivers real-time, privacy-preserving health monitoring and early warning capabilities, helping individuals recognize health risks before they become emergencies. The solution should improve resilience during heat waves, floods, pollution events, and other disasters common in India while enabling continuous health support through on-device intelligence.","A secure, AI-powered Personal Health Companion that delivers real-time, privacy-preserving health monitoring and early warning capabilities, helping individuals recognize health risks before they become emergencies. The solution should improve resilience during heat waves, floods, pollution events, and other disasters common in India while enabling continuous health support through on-device intelligence.",Qualcomm Inc,Qualcomm Inc,Hardware,MedTech / BioTech / HealthTech,0/500,20 September 2026,2026-09-20,,,,2026-08-28,4038
182,26182,SIH26182,Automated Attribution of Unknown Cryptocurrency Wallets to Nearest Virtual Asset Service Providers (VASPs) through Blockchain Intelligence APIs,Automated Attribution of Unknown Cryptocurrency Wallets to Nearest Virtual Asset Service Providers (VASPs) through Blockchain Intelligence APIs,Ministry of Home Affairs,"Indian Cyber Crime Coordination Centre (I4C),CIS Division",Software,Blockchain & Cybersecurity,0/500,20 September 2026,2026-09-20,,,,2026-08-28,3374
183,26183,SIH26183,Real-Time Identification of Fraud-Linked Cryptocurrency Exchanges from Victim-Reported Suspect Wallet Addresses through Automated Blockchain Analytics,Real-Time Identification of Fraud-Linked Cryptocurrency Exchanges from Victim-Reported Suspect Wallet Addresses through Automated Blockchain Analytics,Ministry of Home Affairs,"Indian Cyber Crime Coordination Centre (I4C),CIS Division",Software,Blockchain & Cybersecurity,0/500,20 September 2026,2026-09-20,,,,2026-08-28,2628
184,26184,SIH26184,"Development of a Predictive Analytics Framework for Cybercrime Complaints to Forecast Likely Cash Withdrawal Locations in Advance, Enabling Generation of Actionable Intelligence for Timely and Proactive Cybercrime Intervention.","Development of a Predictive Analytics Framework for Cybercrime Complaints to Forecast Likely Cash Withdrawal Locations in Advance, Enabling Generation of Actionable Intelligence for Timely and Proactive Cybercrime Intervention.",Ministry of Home Affairs,"Indian Cyber Crime Coordination Centre (I4C),CIS Division",Software,Blockchain & Cybersecurity,0/500,20 September 2026,2026-09-20,,,,2026-08-28,2563
185,26185,SIH26185,Helmet mounted conformal antenna for tactical communications in urban CQB environments.,Helmet mounted conformal antenna for tactical communications in urban CQB environments.,Ministry of Home Affairs,"National Security Guard (NSG), Police II Division",Hardware,Robotics and Drones,0/500,20 September 2026,2026-09-20,,,,2026-08-28,2521
186,26186,SIH26186,AI-Based Predictive Personnel Stress and Welfare Monitoring System for Uniformed Forces,AI-Based Predictive Personnel Stress and Welfare Monitoring System for Uniformed Forces,Ministry of Home Affairs,"Central Reserve Police Force (CRPF), Police II Division",Software,MedTech / BioTech / HealthTech,0/500,20 September 2026,2026-09-20,"Anonymized HR datasets, deployment records, leave history, wellness
survey data, workload data, and simulated behavioral datasets.",,,2026-08-28,4992
187,26187,SIH26187,AI-Based Intelligent Video Analytics Platform for Border Surveillance using existing CCTV Infrastructure.,AI-Based Intelligent Video Analytics Platform for Border Surveillance using existing CCTV Infrastructure.,Ministry of Home Affairs,"Sashastra Seema Bal (SSB), Police II Division",Software,Blockchain & Cybersecurity,0/500,20 September 2026,2026-09-20,,,,2026-08-28,2339
188,26188,SIH26188,Al-Based Fake Identity & Document Screening System,Al-Based Fake Identity & Document Screening System,Ministry of Home Affairs,"Sashastra Seema Bal (SSB), Police II Division",Software,Blockchain & Cybersecurity,0/500,20 September 2026,2026-09-20,,,,2026-08-28,2391
189,26189,SIH26189,AI-Powered Criminal Network Analysis System,AI-Powered Criminal Network Analysis System,Ministry of Home Affairs,"National Crime Records Bureau (NCRB), Women Safety Division",Software,Blockchain & Cybersecurity,0/500,20 September 2026,2026-09-20,,,,2026-08-28,2060
190,26190,SIH26190,Secure Digital Document Management System for Legal and Investigation Documents,Secure Digital Document Management System for Legal and Investigation Documents,Ministry of Home Affairs,"National Crime Records Bureau (NCRB), Women Safety Division",Software,Blockchain & Cybersecurity,0/500,20 September 2026,2026-09-20,,,,2026-08-28,2196
191,26191,SIH26191,"Intelligent Identification of Hazard-Based Red Zones, Carrying Capacity Assessment, and Immediate Relocation Needs for Vulnerable Habitations","Intelligent Identification of Hazard-Based Red Zones, Carrying Capacity Assessment, and Immediate Relocation Needs for Vulnerable Habitations",Ministry of Home Affairs,"National Disaster Response Force (NDRF), DM Division",Software,Disaster Management,0/500,20 September 2026,2026-09-20,,,,2026-08-28,1167
192,26192,SIH26192,Flash Flood Prediction System for Hilly Regions using Multi-Source Data Theme,Flash Flood Prediction System for Hilly Regions using Multi-Source Data Theme,Ministry of Home Affairs,"National Disaster Response Force (NDRF), DM Division",Software,Disaster Management,0/500,20 September 2026,2026-09-20,,,,2026-08-28,1049
193,26193,SIH26193,"Student Innovation-Developing solutions, keeping in mind the need to enhance the primary sector of India - Agriculture and to manage and process our agriculture produce.","Student Innovation-Developing solutions, keeping in mind the need to enhance the primary sector of India - Agriculture and to manage and process our agriculture produce.",AICTE,"AICTE, MIC-Student Innovation",Software,"Agriculture, FoodTech & Rural Development",0/500,20 September 2026,2026-09-20,,,,2026-08-28,169
194,26194,SIH26194,Student Innovation-Provide ideas in a decentralized and distributed ledger technology used to store digital information that powers cryptocurrencies and NFTs and can radically change multiple sectors.,Student Innovation-Provide ideas in a decentralized and distributed ledger technology used to store digital information that powers cryptocurrencies and NFTs and can radically change multiple sectors.,AICTE,"AICTE, MIC-Student Innovation",Software,Blockchain & Cybersecurity,0/500,20 September 2026,2026-09-20,,,,2026-08-28,200
195,26195,SIH26195,"Student Innovation-Solutions could be in the form of waste segregation, disposal, and improve sanitization system.","Student Innovation-Solutions could be in the form of waste segregation, disposal, and improve sanitization system.",AICTE,"AICTE, MIC-Student Innovation",Software,Clean & Green Technology,0/500,20 September 2026,2026-09-20,,,,2026-08-28,114
196,26196,SIH26196,Student Innovation-Ideas that can boost fitness activities and assist in keeping fit.,Student Innovation-Ideas that can boost fitness activities and assist in keeping fit.,AICTE,"AICTE, MIC-Student Innovation",Software,Fitness & Sports,0/500,20 September 2026,2026-09-20,,,,2026-08-28,85
197,26197,SIH26197,Student Innovation-Ideas that showcase the rich cultural heritage and traditions of India.,Student Innovation-Ideas that showcase the rich cultural heritage and traditions of India.,AICTE,"AICTE, MIC-Student Innovation",Software,Heritage & Culture,0/500,20 September 2026,2026-09-20,,,,2026-08-28,90
198,26198,SIH26198,"Student Innovation-Cutting-edge technology in these sectors continues to be in demand. Recent shifts in healthcare trends, growing populations also present an array of opportunities for innovation.","Student Innovation-Cutting-edge technology in these sectors continues to be in demand. Recent shifts in healthcare trends, growing populations also present an array of opportunities for innovation.",AICTE,"AICTE, MIC-Student Innovation",Software,MedTech / BioTech / HealthTech,0/500,20 September 2026,2026-09-20,,,,2026-08-28,197
199,26199,SIH26199,"Student Innovation-Technology ideas in tertiary sectors like Hospitality, Financial Services, Entertainment and Retail.","Student Innovation-Technology ideas in tertiary sectors like Hospitality, Financial Services, Entertainment and Retail.",AICTE,"AICTE, MIC-Student Innovation",Software,Miscellaneous,0/500,20 September 2026,2026-09-20,,,,2026-08-28,119
200,26200,SIH26200,Student Innovation-Innovative ideas that help manage and generate renewable /sustainable sources more efficiently,Student Innovation-Innovative ideas that help manage and generate renewable /sustainable sources more efficiently,AICTE,"AICTE, MIC-Student Innovation",Software,Renewable / Sustainable Energy,0/500,20 September 2026,2026-09-20,,,,2026-08-28,113
201,26201,SIH26201,"Student Innovation-There is a need to design drones and robots that can solve some of the pressing challenges of India such as handling medical emergencies, search and rescue operations, etc.","Student Innovation-There is a need to design drones and robots that can solve some of the pressing challenges of India such as handling medical emergencies, search and rescue operations, etc.",AICTE,"AICTE, MIC-Student Innovation",Software,Robotics and Drones,0/500,20 September 2026,2026-09-20,,,,2026-08-28,191
202,26202,SIH26202,Student Innovation-Ideas focused on the intelligent use of resources for transforming and advancements of technology with combining the artificial intelligence to explore more various sources and get valuable insights.,Student Innovation-Ideas focused on the intelligent use of resources for transforming and advancements of technology with combining the artificial intelligence to explore more various sources and get valuable insights.,AICTE,"AICTE, MIC-Student Innovation",Software,Smart Automation,0/500,20 September 2026,2026-09-20,,,,2026-08-28,218
203,26203,SIH26203,Student Innovation-Creating intelligent devices to improve commutation sector.,Student Innovation-Creating intelligent devices to improve commutation sector.,AICTE,"AICTE, MIC-Student Innovation",Software,Smart Vehicles,0/500,20 September 2026,2026-09-20,,,,2026-08-28,78
204,26204,SIH26204,"Student Innovation-A solution/idea that can boost the current situation of the tourism industries including hotels, travel and others.","Student Innovation-A solution/idea that can boost the current situation of the tourism industries including hotels, travel and others.",AICTE,"AICTE, MIC-Student Innovation",Software,Travel & Tourism,0/500,20 September 2026,2026-09-20,,,,2026-08-28,134
205,26205,SIH26205,"Student Innovation-Submit your ideas to address the growing pressures on the city’s resources, transport networks, and logistic infrastructure.","Student Innovation-Submit your ideas to address the growing pressures on the city’s resources, transport networks, and logistic infrastructure.",AICTE,"AICTE, MIC-Student Innovation",Software,Transportation & Logistics,0/500,20 September 2026,2026-09-20,,,,2026-08-28,143
206,26206,SIH26206,"Student Innovation-Disaster management includes ideas related to risk mitigation, Planning and management before, after or during a disaster.","Student Innovation-Disaster management includes ideas related to risk mitigation, Planning and management before, after or during a disaster.",AICTE,"AICTE, MIC-Student Innovation",Software,Disaster Management,0/500,20 September 2026,2026-09-20,,,,2026-08-28,141
207,26207,SIH26207,"Student Innovation-Smart education,a concept that describes learning in digital age. It enables learners to learn more effectively, efficiently, flexibly and comfortably.","Student Innovation-Smart education,a concept that describes learning in digital age. It enables learners to learn more effectively, efficiently, flexibly and comfortably.",AICTE,"AICTE, MIC-Student Innovation",Software,Smart Education,0/500,20 September 2026,2026-09-20,,,,2026-08-28,170
208,26208,SIH26208,"Student Innovation-Challenge your creative mind to conceptualize and develop unique toys and games based on our civilization, history, and culture etc.","Student Innovation-Challenge your creative mind to conceptualize and develop unique toys and games based on our civilization, history, and culture etc.",AICTE,"AICTE, MIC-Student Innovation",Software,Toys & Games,0/500,20 September 2026,2026-09-20,,,,2026-08-28,151
209,26209,SIH26209,"Student Innovation-Space technology refers to the application of engineering principles to the design, development, manufacture, and operation of devices and systems for space travel and exploration.","Student Innovation-Space technology refers to the application of engineering principles to the design, development, manufacture, and operation of devices and systems for space travel and exploration.",AICTE,"AICTE, MIC-Student Innovation",Software,Space Technology,0/500,20 September 2026,2026-09-20,,,,2026-08-28,199
210,26210,SIH26210,"Student Innovation-Developing solutions, keeping in mind the need to enhance the primary sector of India - Agriculture and to manage and process our agriculture produce.","Student Innovation-Developing solutions, keeping in mind the need to enhance the primary sector of India - Agriculture and to manage and process our agriculture produce.",AICTE,"AICTE, MIC-Student Innovation",Hardware,"Agriculture, FoodTech & Rural Development",0/500,20 September 2026,2026-09-20,,,,2026-08-28,169
211,26211,SIH26211,Student Innovation-Provide ideas in a decentralized and distributed ledger technology used to store digital information that powers cryptocurrencies and NFTs and can radically change multiple sectors.,Student Innovation-Provide ideas in a decentralized and distributed ledger technology used to store digital information that powers cryptocurrencies and NFTs and can radically change multiple sectors.,AICTE,"AICTE, MIC-Student Innovation",Hardware,Blockchain & Cybersecurity,0/500,20 September 2026,2026-09-20,,,,2026-08-28,200
212,26212,SIH26212,"Student Innovation-Solutions could be in the form of waste segregation, disposal, and improve sanitization system.","Student Innovation-Solutions could be in the form of waste segregation, disposal, and improve sanitization system.",AICTE,"AICTE, MIC-Student Innovation",Hardware,Clean & Green Technology,0/500,20 September 2026,2026-09-20,,,,2026-08-28,114
213,26213,SIH26213,Student Innovation-Ideas that can boost fitness activities and assist in keeping fit.,Student Innovation-Ideas that can boost fitness activities and assist in keeping fit.,AICTE,"AICTE, MIC-Student Innovation",Hardware,Fitness & Sports,0/500,20 September 2026,2026-09-20,,,,2026-08-28,85
214,26214,SIH26214,Student Innovation-Ideas that showcase the rich cultural heritage and traditions of India.,Student Innovation-Ideas that showcase the rich cultural heritage and traditions of India.,AICTE,"AICTE, MIC-Student Innovation",Hardware,Heritage & Culture,0/500,20 September 2026,2026-09-20,,,,2026-08-28,90
215,26215,SIH26215,"Student Innovation-Cutting-edge technology in these sectors continues to be in demand. Recent shifts in healthcare trends, growing populations also present an array of opportunities for innovation.","Student Innovation-Cutting-edge technology in these sectors continues to be in demand. Recent shifts in healthcare trends, growing populations also present an array of opportunities for innovation.",AICTE,"AICTE, MIC-Student Innovation",Hardware,MedTech / BioTech / HealthTech,0/500,20 September 2026,2026-09-20,,,,2026-08-28,197
216,26216,SIH26216,"Student Innovation-Technology ideas in tertiary sectors like Hospitality, Financial Services, Entertainment and Retail.","Student Innovation-Technology ideas in tertiary sectors like Hospitality, Financial Services, Entertainment and Retail.",AICTE,"AICTE, MIC-Student Innovation",Hardware,Miscellaneous,0/500,20 September 2026,2026-09-20,,,,2026-08-28,119
217,26217,SIH26217,Student Innovation-Innovative ideas that help manage and generate renewable /sustainable sources more efficiently,Student Innovation-Innovative ideas that help manage and generate renewable /sustainable sources more efficiently,AICTE,"AICTE, MIC-Student Innovation",Hardware,Renewable / Sustainable Energy,0/500,20 September 2026,2026-09-20,,,,2026-08-28,113
218,26218,SIH26218,"Student Innovation-There is a need to design drones and robots that can solve some of the pressing challenges of India such as handling medical emergencies, search and rescue operations, etc.","Student Innovation-There is a need to design drones and robots that can solve some of the pressing challenges of India such as handling medical emergencies, search and rescue operations, etc.",AICTE,"AICTE, MIC-Student Innovation",Hardware,Robotics and Drones,0/500,20 September 2026,2026-09-20,,,,2026-08-28,191
219,26219,SIH26219,Student Innovation-Ideas focused on the intelligent use of resources for transforming and advancements of technology with combining the artificial intelligence to explore more various sources and get valuable insights.,Student Innovation-Ideas focused on the intelligent use of resources for transforming and advancements of technology with combining the artificial intelligence to explore more various sources and get valuable insights.,AICTE,"AICTE, MIC-Student Innovation",Hardware,Smart Automation,0/500,20 September 2026,2026-09-20,,,,2026-08-28,218
220,26220,SIH26220,Student Innovation-Creating intelligent devices to improve commutation sector.,Student Innovation-Creating intelligent devices to improve commutation sector.,AICTE,"AICTE, MIC-Student Innovation",Hardware,Smart Vehicles,0/500,20 September 2026,2026-09-20,,,,2026-08-28,78
221,26221,SIH26221,"Student Innovation-A solution/idea that can boost the current situation of the tourism industries including hotels, travel and others.","Student Innovation-A solution/idea that can boost the current situation of the tourism industries including hotels, travel and others.",AICTE,"AICTE, MIC-Student Innovation",Hardware,Travel & Tourism,0/500,20 September 2026,2026-09-20,,,,2026-08-28,134
222,26222,SIH26222,"Student Innovation-Submit your ideas to address the growing pressures on the city’s resources, transport networks, and logistic infrastructure.","Student Innovation-Submit your ideas to address the growing pressures on the city’s resources, transport networks, and logistic infrastructure.",AICTE,"AICTE, MIC-Student Innovation",Hardware,Transportation & Logistics,0/500,20 September 2026,2026-09-20,,,,2026-08-28,143
223,26223,SIH26223,"Student Innovation-Disaster management includes ideas related to risk mitigation, Planning and management before, after or during a disaster.","Student Innovation-Disaster management includes ideas related to risk mitigation, Planning and management before, after or during a disaster.",AICTE,"AICTE, MIC-Student Innovation",Hardware,Disaster Management,0/500,20 September 2026,2026-09-20,,,,2026-08-28,141
224,26224,SIH26224,"Student Innovation-Smart education,a concept that describes learning in digital age. It enables learners to learn more effectively, efficiently, flexibly and comfortably.","Student Innovation-Smart education,a concept that describes learning in digital age. It enables learners to learn more effectively, efficiently, flexibly and comfortably.",AICTE,"AICTE, MIC-Student Innovation",Hardware,Smart Education,0/500,20 September 2026,2026-09-20,,,,2026-08-28,170
225,26225,SIH26225,"Student Innovation-Challenge your creative mind to conceptualize and develop unique toys and games based on our civilization, history, and culture etc.","Student Innovation-Challenge your creative mind to conceptualize and develop unique toys and games based on our civilization, history, and culture etc.",AICTE,"AICTE, MIC-Student Innovation",Hardware,Toys & Games,0/500,20 September 2026,2026-09-20,,,,2026-08-28,151
226,26226,SIH26226,"Student Innovation-Space technology refers to the application of engineering principles to the design, development, manufacture, and operation of devices and systems for space travel and exploration.","Student Innovation-Space technology refers to the application of engineering principles to the design, development, manufacture, and operation of devices and systems for space travel and exploration.",AICTE,"AICTE, MIC-Student Innovation",Hardware,Space Technology,0/500,20 September 2026,2026-09-20,,,,2026-08-28,199
227,26227,SIH26227,Semantic Retrieval and Multi-Temporal Change Analysis of Satellite lmagery.,Semantic Retrieval and Multi-Temporal Change Analysis of Satellite lmagery.,Ministry of defence (MoD),Indian Army (DGIS),Software,Space Technology,0/500,20 September 2026,2026-09-20,"7. Dataset Link. All datasets must be publicly accessible under applicable licences or provided by the organisers. No classified, operational or service-generated data will be used.

7.1. Primary Imagery Sources. Copernicus Sentinel-2 optical imagery and Sentinel-1 SAR; USGS Landsat Collection 2; and NRSC/ISRO Bhuvan open Earth-observation data produc",,,2026-08-28,4983
228,26228,SIH26228,"Trustworthy Computer Vision Integrity Assurance for Data, Models and Inference Outputs in Multi-Contributor Pipelines","Trustworthy Computer Vision Integrity Assurance for Data, Models and Inference Outputs in Multi-Contributor Pipelines",Ministry of defence (MoD),Indian Army (DGIS),Software,Blockchain & Cybersecurity,0/500,20 September 2026,2026-09-20,"Dataset Link. All development and evaluation data will be publicly available under applicable licences or synthetically generated. No classified, operational or service-generated data will be used.

7.1. Reference Attack and Assurance Resources. NIST TrojAl benchmark artefacts, BackdoorBench and other reproducible public backdoor or adversarial-machi",,,2026-08-28,5029
229,26229,SIH26229,"Kabadiwala Connect – Bringing the Informal Collector into the Formal Recycling
Chain","Kabadiwala Connect – Bringing the Informal Collector into the Formal Recycling
Chain",Ministry of Mines (MoM),Jawaharlal Nehru Aluminium Research Development and Design Centre (JNARDDC),Software,Clean & Green Technology,0/500,20 September 2026,2026-09-20,,,,2026-08-28,7934
